referral_id,referrer_id,referee_id,referral_source,referral_source_category,referral_at,transaction_id,transaction_status,transaction_type,reward_value,description,is_reward_granted,is_business_logic_valid
9331c8f144dad5a3b8e4a10467b4343a,2c71c5d66c7e12a0b3c200ba6ed3b78e,f1327c9d6d4efee6ad69e7e467b605b9,Draft Transaction,Offline,2024-05-01 05:17:31+00:00,bc3a22d1b0c651d0c807a9bdaed08e8d,,,,,,False
9331c8f144dad5a3b8e4a10467b4343a,2c71c5d66c7e12a0b3c200ba6ed3b78e,f1327c9d6d4efee6ad69e7e467b605b9,Draft Transaction,Offline,2024-05-01 05:17:31+00:00,bc3a22d1b0c651d0c807a9bdaed08e8d,,,,,,False
9331c8f144dad5a3b8e4a10467b4343a,2c71c5d66c7e12a0b3c200ba6ed3b78e,f1327c9d6d4efee6ad69e7e467b605b9,Draft Transaction,Offline,2024-05-01 05:17:31+00:00,bc3a22d1b0c651d0c807a9bdaed08e8d,,,,,,False
9331c8f144dad5a3b8e4a10467b4343a,2c71c5d66c7e12a0b3c200ba6ed3b78e,f1327c9d6d4efee6ad69e7e467b605b9,Draft Transaction,Offline,2024-05-01 05:17:31+00:00,bc3a22d1b0c651d0c807a9bdaed08e8d,,,,,,False
9331c8f144dad5a3b8e4a10467b4343a,2c71c5d66c7e12a0b3c200ba6ed3b78e,f1327c9d6d4efee6ad69e7e467b605b9,Draft Transaction,Offline,2024-05-01 05:17:31+00:00,bc3a22d1b0c651d0c807a9bdaed08e8d,,,,,,False
9331c8f144dad5a3b8e4a10467b4343a,2c71c5d66c7e12a0b3c200ba6ed3b78e,f1327c9d6d4efee6ad69e7e467b605b9,Draft Transaction,Offline,2024-05-01 05:17:31+00:00,bc3a22d1b0c651d0c807a9bdaed08e8d,,,,,,False
9331c8f144dad5a3b8e4a10467b4343a,2c71c5d66c7e12a0b3c200ba6ed3b78e,f1327c9d6d4efee6ad69e7e467b605b9,Draft Transaction,Offline,2024-05-01 05:17:31+00:00,bc3a22d1b0c651d0c807a9bdaed08e8d,,,,,,False
9331c8f144dad5a3b8e4a10467b4343a,2c71c5d66c7e12a0b3c200ba6ed3b78e,f1327c9d6d4efee6ad69e7e467b605b9,Draft Transaction,Offline,2024-05-01 05:17:31+00:00,bc3a22d1b0c651d0c807a9bdaed08e8d,,,,,,False
9331c8f144dad5a3b8e4a10467b4343a,2c71c5d66c7e12a0b3c200ba6ed3b78e,f1327c9d6d4efee6ad69e7e467b605b9,Draft Transaction,Offline,2024-05-01 05:17:31+00:00,bc3a22d1b0c651d0c807a9bdaed08e8d,,,,,,False
9331c8f144dad5a3b8e4a10467b4343a,2c71c5d66c7e12a0b3c200ba6ed3b78e,f1327c9d6d4efee6ad69e7e467b605b9,Draft Transaction,Offline,2024-05-01 05:17:31+00:00,bc3a22d1b0c651d0c807a9bdaed08e8d,,,,,,False
9331c8f144dad5a3b8e4a10467b4343a,2c71c5d66c7e12a0b3c200ba6ed3b78e,f1327c9d6d4efee6ad69e7e467b605b9,Draft Transaction,Offline,2024-05-01 05:17:31+00:00,bc3a22d1b0c651d0c807a9bdaed08e8d,,,,,,False
9331c8f144dad5a3b8e4a10467b4343a,2c71c5d66c7e12a0b3c200ba6ed3b78e,f1327c9d6d4efee6ad69e7e467b605b9,Draft Transaction,Offline,2024-05-01 05:17:31+00:00,bc3a22d1b0c651d0c807a9bdaed08e8d,,,,,,False
9331c8f144dad5a3b8e4a10467b4343a,2c71c5d66c7e12a0b3c200ba6ed3b78e,f1327c9d6d4efee6ad69e7e467b605b9,Draft Transaction,Offline,2024-05-01 05:17:31+00:00,bc3a22d1b0c651d0c807a9bdaed08e8d,,,,,,False
6371079a92bcbf0c16ae5fcdf4fc9c10,2c71c5d66c7e12a0b3c200ba6ed3b78e,12dd343d282fb7915f55982937c30b87,User Sign Up,Online,2024-04-22 15:04:57+00:00,4c8cae052f19cea66544affc759b76ee,,,,,,False
6371079a92bcbf0c16ae5fcdf4fc9c10,2c71c5d66c7e12a0b3c200ba6ed3b78e,12dd343d282fb7915f55982937c30b87,User Sign Up,Online,2024-04-22 15:04:57+00:00,4c8cae052f19cea66544affc759b76ee,,,,,,False
6371079a92bcbf0c16ae5fcdf4fc9c10,2c71c5d66c7e12a0b3c200ba6ed3b78e,12dd343d282fb7915f55982937c30b87,User Sign Up,Online,2024-04-22 15:04:57+00:00,4c8cae052f19cea66544affc759b76ee,,,,,,False
6371079a92bcbf0c16ae5fcdf4fc9c10,2c71c5d66c7e12a0b3c200ba6ed3b78e,12dd343d282fb7915f55982937c30b87,User Sign Up,Online,2024-04-22 15:04:57+00:00,4c8cae052f19cea66544affc759b76ee,,,,,,False
6371079a92bcbf0c16ae5fcdf4fc9c10,2c71c5d66c7e12a0b3c200ba6ed3b78e,12dd343d282fb7915f55982937c30b87,User Sign Up,Online,2024-04-22 15:04:57+00:00,4c8cae052f19cea66544affc759b76ee,,,,,,False
6371079a92bcbf0c16ae5fcdf4fc9c10,2c71c5d66c7e12a0b3c200ba6ed3b78e,12dd343d282fb7915f55982937c30b87,User Sign Up,Online,2024-04-22 15:04:57+00:00,4c8cae052f19cea66544affc759b76ee,,,,,,False
6371079a92bcbf0c16ae5fcdf4fc9c10,2c71c5d66c7e12a0b3c200ba6ed3b78e,12dd343d282fb7915f55982937c30b87,User Sign Up,Online,2024-04-22 15:04:57+00:00,4c8cae052f19cea66544affc759b76ee,,,,,,False
6371079a92bcbf0c16ae5fcdf4fc9c10,2c71c5d66c7e12a0b3c200ba6ed3b78e,12dd343d282fb7915f55982937c30b87,User Sign Up,Online,2024-04-22 15:04:57+00:00,4c8cae052f19cea66544affc759b76ee,,,,,,False
6371079a92bcbf0c16ae5fcdf4fc9c10,2c71c5d66c7e12a0b3c200ba6ed3b78e,12dd343d282fb7915f55982937c30b87,User Sign Up,Online,2024-04-22 15:04:57+00:00,4c8cae052f19cea66544affc759b76ee,,,,,,False
6371079a92bcbf0c16ae5fcdf4fc9c10,2c71c5d66c7e12a0b3c200ba6ed3b78e,12dd343d282fb7915f55982937c30b87,User Sign Up,Online,2024-04-22 15:04:57+00:00,4c8cae052f19cea66544affc759b76ee,,,,,,False
6371079a92bcbf0c16ae5fcdf4fc9c10,2c71c5d66c7e12a0b3c200ba6ed3b78e,12dd343d282fb7915f55982937c30b87,User Sign Up,Online,2024-04-22 15:04:57+00:00,4c8cae052f19cea66544affc759b76ee,,,,,,False
6371079a92bcbf0c16ae5fcdf4fc9c10,2c71c5d66c7e12a0b3c200ba6ed3b78e,12dd343d282fb7915f55982937c30b87,User Sign Up,Online,2024-04-22 15:04:57+00:00,4c8cae052f19cea66544affc759b76ee,,,,,,False
6371079a92bcbf0c16ae5fcdf4fc9c10,2c71c5d66c7e12a0b3c200ba6ed3b78e,12dd343d282fb7915f55982937c30b87,User Sign Up,Online,2024-04-22 15:04:57+00:00,4c8cae052f19cea66544affc759b76ee,,,,,,False
a49105b02e690472452527663559d97a,nan,f6507a982bde1dcda0ce0867ceac66f6,Draft Transaction,Offline,2024-05-02 14:10:16+00:00,91263eaf2af17ac140c6fc23a68882d3,,NEW,,,,False
fcb804c8ff24e5b2974a7e965ebea5e8,2c71c5d66c7e12a0b3c200ba6ed3b78e,919b89759e569c5f1bdfc45ba1872d6f,User Sign Up,Online,2024-04-18 03:56:22+00:00,nan,,,,,,False
fcb804c8ff24e5b2974a7e965ebea5e8,2c71c5d66c7e12a0b3c200ba6ed3b78e,919b89759e569c5f1bdfc45ba1872d6f,User Sign Up,Online,2024-04-18 03:56:22+00:00,nan,,,,,,False
fcb804c8ff24e5b2974a7e965ebea5e8,2c71c5d66c7e12a0b3c200ba6ed3b78e,919b89759e569c5f1bdfc45ba1872d6f,User Sign Up,Online,2024-04-18 03:56:22+00:00,nan,,,,,,False
fcb804c8ff24e5b2974a7e965ebea5e8,2c71c5d66c7e12a0b3c200ba6ed3b78e,919b89759e569c5f1bdfc45ba1872d6f,User Sign Up,Online,2024-04-18 03:56:22+00:00,nan,,,,,,False
fcb804c8ff24e5b2974a7e965ebea5e8,2c71c5d66c7e12a0b3c200ba6ed3b78e,919b89759e569c5f1bdfc45ba1872d6f,User Sign Up,Online,2024-04-18 03:56:22+00:00,nan,,,,,,False
fcb804c8ff24e5b2974a7e965ebea5e8,2c71c5d66c7e12a0b3c200ba6ed3b78e,919b89759e569c5f1bdfc45ba1872d6f,User Sign Up,Online,2024-04-18 03:56:22+00:00,nan,,,,,,False
fcb804c8ff24e5b2974a7e965ebea5e8,2c71c5d66c7e12a0b3c200ba6ed3b78e,919b89759e569c5f1bdfc45ba1872d6f,User Sign Up,Online,2024-04-18 03:56:22+00:00,nan,,,,,,False
fcb804c8ff24e5b2974a7e965ebea5e8,2c71c5d66c7e12a0b3c200ba6ed3b78e,919b89759e569c5f1bdfc45ba1872d6f,User Sign Up,Online,2024-04-18 03:56:22+00:00,nan,,,,,,False
fcb804c8ff24e5b2974a7e965ebea5e8,2c71c5d66c7e12a0b3c200ba6ed3b78e,919b89759e569c5f1bdfc45ba1872d6f,User Sign Up,Online,2024-04-18 03:56:22+00:00,nan,,,,,,False
fcb804c8ff24e5b2974a7e965ebea5e8,2c71c5d66c7e12a0b3c200ba6ed3b78e,919b89759e569c5f1bdfc45ba1872d6f,User Sign Up,Online,2024-04-18 03:56:22+00:00,nan,,,,,,False
fcb804c8ff24e5b2974a7e965ebea5e8,2c71c5d66c7e12a0b3c200ba6ed3b78e,919b89759e569c5f1bdfc45ba1872d6f,User Sign Up,Online,2024-04-18 03:56:22+00:00,nan,,,,,,False
fcb804c8ff24e5b2974a7e965ebea5e8,2c71c5d66c7e12a0b3c200ba6ed3b78e,919b89759e569c5f1bdfc45ba1872d6f,User Sign Up,Online,2024-04-18 03:56:22+00:00,nan,,,,,,False
fcb804c8ff24e5b2974a7e965ebea5e8,2c71c5d66c7e12a0b3c200ba6ed3b78e,919b89759e569c5f1bdfc45ba1872d6f,User Sign Up,Online,2024-04-18 03:56:22+00:00,nan,,,,,,False
9e9324e6fde29bb0d230654b38ccfdd4,f2de40c8394f4ea9a6aa49965380dd8f,d1b90f8e27b5ec0d37f180aed67d76b4,Draft Transaction,Offline,2024-05-14 06:17:03+00:00,e05121ea99fed4f4c5224a4667bb3dad,,NEW,,,False,False
9e9324e6fde29bb0d230654b38ccfdd4,f2de40c8394f4ea9a6aa49965380dd8f,d1b90f8e27b5ec0d37f180aed67d76b4,Draft Transaction,Offline,2024-05-14 06:17:03+00:00,e05121ea99fed4f4c5224a4667bb3dad,,NEW,,,False,False
b6732d2ca0bc7acbc1b39cb8a04a96cd,4acfa96cb521b6963b50bcef95bee485,8cba435bca358b92462a30bc999598bf,Lead,Lead,2024-05-22 09:03:10+00:00,nan,,,,,,False
b6732d2ca0bc7acbc1b39cb8a04a96cd,4acfa96cb521b6963b50bcef95bee485,8cba435bca358b92462a30bc999598bf,Lead,Lead,2024-05-22 09:03:10+00:00,nan,,,,,,False
b6732d2ca0bc7acbc1b39cb8a04a96cd,4acfa96cb521b6963b50bcef95bee485,8cba435bca358b92462a30bc999598bf,Lead,Lead,2024-05-22 09:03:10+00:00,nan,,,,,,False
b6732d2ca0bc7acbc1b39cb8a04a96cd,4acfa96cb521b6963b50bcef95bee485,8cba435bca358b92462a30bc999598bf,Lead,Lead,2024-05-22 09:03:10+00:00,nan,,,,,,False
b6732d2ca0bc7acbc1b39cb8a04a96cd,4acfa96cb521b6963b50bcef95bee485,8cba435bca358b92462a30bc999598bf,Lead,Lead,2024-05-22 09:03:10+00:00,nan,,,,,,False
b6732d2ca0bc7acbc1b39cb8a04a96cd,4acfa96cb521b6963b50bcef95bee485,8cba435bca358b92462a30bc999598bf,Lead,Lead,2024-05-22 09:03:10+00:00,nan,,,,,,False
b6732d2ca0bc7acbc1b39cb8a04a96cd,4acfa96cb521b6963b50bcef95bee485,8cba435bca358b92462a30bc999598bf,Lead,Lead,2024-05-22 09:03:10+00:00,nan,,,,,,False
835e990334fe52dec832043f19ddfd07,f2de40c8394f4ea9a6aa49965380dd8f,a2f1c1a62e161b8fe76498b3936d8afa,Draft Transaction,Offline,2024-05-13 10:23:46+00:00,f192fca27d438c053db425fade152d66,,NEW,,,False,False
835e990334fe52dec832043f19ddfd07,f2de40c8394f4ea9a6aa49965380dd8f,a2f1c1a62e161b8fe76498b3936d8afa,Draft Transaction,Offline,2024-05-13 10:23:46+00:00,f192fca27d438c053db425fade152d66,,NEW,,,False,False
6667436490ad3c794a8f5127772d4810,nan,38ebaae9d064d2aa29f466bdbcf9a5b2,Draft Transaction,Offline,2024-05-02 14:06:39+00:00,07f21743663aacb7d212c286d47a14de,,NEW,,,,False
d452feec722a5cabc03645bb089e2735,cbac8ed440d53d1c6c187874c4193db2,08b8ab0371b6a0cb79319628505c446c,Lead,Lead,2024-03-20 07:48:49+00:00,7709d17eaec03665f58904b72c8ab444,,,,,,False
d452feec722a5cabc03645bb089e2735,cbac8ed440d53d1c6c187874c4193db2,08b8ab0371b6a0cb79319628505c446c,Lead,Lead,2024-03-20 07:48:49+00:00,7709d17eaec03665f58904b72c8ab444,,,,,,False
d452feec722a5cabc03645bb089e2735,cbac8ed440d53d1c6c187874c4193db2,08b8ab0371b6a0cb79319628505c446c,Lead,Lead,2024-03-20 07:48:49+00:00,7709d17eaec03665f58904b72c8ab444,,,,,,False
d452feec722a5cabc03645bb089e2735,cbac8ed440d53d1c6c187874c4193db2,08b8ab0371b6a0cb79319628505c446c,Lead,Lead,2024-03-20 07:48:49+00:00,7709d17eaec03665f58904b72c8ab444,,,,,,False
a95d6a6cefee850333bb2df257cb2f79,ac7437a85f72bcef29088bf148e05eb7,d0f7a95f117a5b084ea18a2fcdeb543e,Draft Transaction,Offline,2024-05-21 09:47:11+00:00,0ad3f929bef2f8177db401bba99a6692,,NEW,,,False,False
6a585aa172036ab3cda99023016c7bff,nan,70a65c322094af912c370e526613fcfb,Draft Transaction,Offline,2024-05-02 14:59:57+00:00,d3d0530307725b26e4bac8d6ec2072d8,,REJOIN,,,,False
678d8990730250f8001c25a7da8f05d4,93128ee70cc2e95bc632eb73f472213d,c6fb4aa67eba0ed851ac4182abe26127,User Sign Up,Online,2024-03-08 11:31:24+00:00,7709d17eaec03665f58904b72c8ab444,,,,,False,False
1f44ffca9257eefe62892409bce4b704,nan,9fb1542469c6ae6c5378727d8c0bdf21,Draft Transaction,Offline,2024-05-03 02:00:59+00:00,bd02c54aeca60d0e82f784be0ad4c84d,,NEW,,,,False
7bf019d6eec0fc5f6485fb4d1968fe80,4acfa96cb521b6963b50bcef95bee485,b64ce1531c508d3090a76ae678647f20,Lead,Lead,2024-05-22 08:47:24+00:00,nan,,,,,,False
7bf019d6eec0fc5f6485fb4d1968fe80,4acfa96cb521b6963b50bcef95bee485,b64ce1531c508d3090a76ae678647f20,Lead,Lead,2024-05-22 08:47:24+00:00,nan,,,,,,False
7bf019d6eec0fc5f6485fb4d1968fe80,4acfa96cb521b6963b50bcef95bee485,b64ce1531c508d3090a76ae678647f20,Lead,Lead,2024-05-22 08:47:24+00:00,nan,,,,,,False
7bf019d6eec0fc5f6485fb4d1968fe80,4acfa96cb521b6963b50bcef95bee485,b64ce1531c508d3090a76ae678647f20,Lead,Lead,2024-05-22 08:47:24+00:00,nan,,,,,,False
7bf019d6eec0fc5f6485fb4d1968fe80,4acfa96cb521b6963b50bcef95bee485,b64ce1531c508d3090a76ae678647f20,Lead,Lead,2024-05-22 08:47:24+00:00,nan,,,,,,False
7bf019d6eec0fc5f6485fb4d1968fe80,4acfa96cb521b6963b50bcef95bee485,b64ce1531c508d3090a76ae678647f20,Lead,Lead,2024-05-22 08:47:24+00:00,nan,,,,,,False
7bf019d6eec0fc5f6485fb4d1968fe80,4acfa96cb521b6963b50bcef95bee485,b64ce1531c508d3090a76ae678647f20,Lead,Lead,2024-05-22 08:47:24+00:00,nan,,,,,,False
d0c11363fa2754323ed04ddbd0681bfb,4acfa96cb521b6963b50bcef95bee485,c8c0461f1332b25809ff6ae01444d7f5,User Sign Up,Online,2024-04-30 13:54:15+00:00,da0071e2bb7794ac19ff4dbbb6e772f0,,,,,,False
d0c11363fa2754323ed04ddbd0681bfb,4acfa96cb521b6963b50bcef95bee485,c8c0461f1332b25809ff6ae01444d7f5,User Sign Up,Online,2024-04-30 13:54:15+00:00,da0071e2bb7794ac19ff4dbbb6e772f0,,,,,,False
d0c11363fa2754323ed04ddbd0681bfb,4acfa96cb521b6963b50bcef95bee485,c8c0461f1332b25809ff6ae01444d7f5,User Sign Up,Online,2024-04-30 13:54:15+00:00,da0071e2bb7794ac19ff4dbbb6e772f0,,,,,,False
d0c11363fa2754323ed04ddbd0681bfb,4acfa96cb521b6963b50bcef95bee485,c8c0461f1332b25809ff6ae01444d7f5,User Sign Up,Online,2024-04-30 13:54:15+00:00,da0071e2bb7794ac19ff4dbbb6e772f0,,,,,,False
d0c11363fa2754323ed04ddbd0681bfb,4acfa96cb521b6963b50bcef95bee485,c8c0461f1332b25809ff6ae01444d7f5,User Sign Up,Online,2024-04-30 13:54:15+00:00,da0071e2bb7794ac19ff4dbbb6e772f0,,,,,,False
d0c11363fa2754323ed04ddbd0681bfb,4acfa96cb521b6963b50bcef95bee485,c8c0461f1332b25809ff6ae01444d7f5,User Sign Up,Online,2024-04-30 13:54:15+00:00,da0071e2bb7794ac19ff4dbbb6e772f0,,,,,,False
d0c11363fa2754323ed04ddbd0681bfb,4acfa96cb521b6963b50bcef95bee485,c8c0461f1332b25809ff6ae01444d7f5,User Sign Up,Online,2024-04-30 13:54:15+00:00,da0071e2bb7794ac19ff4dbbb6e772f0,,,,,,False
41b807ac2774a0a29be25266d73fcf8b,4acfa96cb521b6963b50bcef95bee485,0efd457fd172aef584656e7a56d7c1bf,Draft Transaction,Offline,2024-05-10 17:13:57+00:00,da0071e2bb7794ac19ff4dbbb6e772f0,,,,,,False
41b807ac2774a0a29be25266d73fcf8b,4acfa96cb521b6963b50bcef95bee485,0efd457fd172aef584656e7a56d7c1bf,Draft Transaction,Offline,2024-05-10 17:13:57+00:00,da0071e2bb7794ac19ff4dbbb6e772f0,,,,,,False
41b807ac2774a0a29be25266d73fcf8b,4acfa96cb521b6963b50bcef95bee485,0efd457fd172aef584656e7a56d7c1bf,Draft Transaction,Offline,2024-05-10 17:13:57+00:00,da0071e2bb7794ac19ff4dbbb6e772f0,,,,,,False
41b807ac2774a0a29be25266d73fcf8b,4acfa96cb521b6963b50bcef95bee485,0efd457fd172aef584656e7a56d7c1bf,Draft Transaction,Offline,2024-05-10 17:13:57+00:00,da0071e2bb7794ac19ff4dbbb6e772f0,,,,,,False
41b807ac2774a0a29be25266d73fcf8b,4acfa96cb521b6963b50bcef95bee485,0efd457fd172aef584656e7a56d7c1bf,Draft Transaction,Offline,2024-05-10 17:13:57+00:00,da0071e2bb7794ac19ff4dbbb6e772f0,,,,,,False
41b807ac2774a0a29be25266d73fcf8b,4acfa96cb521b6963b50bcef95bee485,0efd457fd172aef584656e7a56d7c1bf,Draft Transaction,Offline,2024-05-10 17:13:57+00:00,da0071e2bb7794ac19ff4dbbb6e772f0,,,,,,False
41b807ac2774a0a29be25266d73fcf8b,4acfa96cb521b6963b50bcef95bee485,0efd457fd172aef584656e7a56d7c1bf,Draft Transaction,Offline,2024-05-10 17:13:57+00:00,da0071e2bb7794ac19ff4dbbb6e772f0,,,,,,False
2751eafffb38a7baf6c35f8bfb5e58e8,nan,ba4030331004896beb5549fb7d57ce14,Draft Transaction,Offline,2024-05-02 07:53:43+00:00,8623f36f36e709fbefe43defcac59583,,NEW,,,,False
2d07be15757d1ea6d85b96f4d46c4a37,cadba628952bde1670ac4c0792afc28a,bbd3c7b2448041dc5339b23878cacd79,Lead,Lead,2024-05-10 04:16:29+00:00,nan,,,,,,False
2d07be15757d1ea6d85b96f4d46c4a37,cadba628952bde1670ac4c0792afc28a,bbd3c7b2448041dc5339b23878cacd79,Lead,Lead,2024-05-10 04:16:29+00:00,nan,,,,,,False
d47843579ed8d4696b0abfbed179320f,d0a0d9ca8dc4f47226a8afd32ee2a848,109b6bf8d2664e5c4a165515aeb30a54,Draft Transaction,Offline,2024-05-22 07:24:50+00:00,518f2f962f004659394aebd7344569dc,,,,,,False
90abb7a3fab6efe0f5017b11df3c2ffc,2c71c5d66c7e12a0b3c200ba6ed3b78e,a90dcb9c1fc9c63f1e2dc7dbd79ecfd2,Lead,Lead,2024-05-06 08:02:16+00:00,nan,,,,,,False
90abb7a3fab6efe0f5017b11df3c2ffc,2c71c5d66c7e12a0b3c200ba6ed3b78e,a90dcb9c1fc9c63f1e2dc7dbd79ecfd2,Lead,Lead,2024-05-06 08:02:16+00:00,nan,,,,,,False
90abb7a3fab6efe0f5017b11df3c2ffc,2c71c5d66c7e12a0b3c200ba6ed3b78e,a90dcb9c1fc9c63f1e2dc7dbd79ecfd2,Lead,Lead,2024-05-06 08:02:16+00:00,nan,,,,,,False
90abb7a3fab6efe0f5017b11df3c2ffc,2c71c5d66c7e12a0b3c200ba6ed3b78e,a90dcb9c1fc9c63f1e2dc7dbd79ecfd2,Lead,Lead,2024-05-06 08:02:16+00:00,nan,,,,,,False
90abb7a3fab6efe0f5017b11df3c2ffc,2c71c5d66c7e12a0b3c200ba6ed3b78e,a90dcb9c1fc9c63f1e2dc7dbd79ecfd2,Lead,Lead,2024-05-06 08:02:16+00:00,nan,,,,,,False
90abb7a3fab6efe0f5017b11df3c2ffc,2c71c5d66c7e12a0b3c200ba6ed3b78e,a90dcb9c1fc9c63f1e2dc7dbd79ecfd2,Lead,Lead,2024-05-06 08:02:16+00:00,nan,,,,,,False
90abb7a3fab6efe0f5017b11df3c2ffc,2c71c5d66c7e12a0b3c200ba6ed3b78e,a90dcb9c1fc9c63f1e2dc7dbd79ecfd2,Lead,Lead,2024-05-06 08:02:16+00:00,nan,,,,,,False
90abb7a3fab6efe0f5017b11df3c2ffc,2c71c5d66c7e12a0b3c200ba6ed3b78e,a90dcb9c1fc9c63f1e2dc7dbd79ecfd2,Lead,Lead,2024-05-06 08:02:16+00:00,nan,,,,,,False
90abb7a3fab6efe0f5017b11df3c2ffc,2c71c5d66c7e12a0b3c200ba6ed3b78e,a90dcb9c1fc9c63f1e2dc7dbd79ecfd2,Lead,Lead,2024-05-06 08:02:16+00:00,nan,,,,,,False
90abb7a3fab6efe0f5017b11df3c2ffc,2c71c5d66c7e12a0b3c200ba6ed3b78e,a90dcb9c1fc9c63f1e2dc7dbd79ecfd2,Lead,Lead,2024-05-06 08:02:16+00:00,nan,,,,,,False
90abb7a3fab6efe0f5017b11df3c2ffc,2c71c5d66c7e12a0b3c200ba6ed3b78e,a90dcb9c1fc9c63f1e2dc7dbd79ecfd2,Lead,Lead,2024-05-06 08:02:16+00:00,nan,,,,,,False
90abb7a3fab6efe0f5017b11df3c2ffc,2c71c5d66c7e12a0b3c200ba6ed3b78e,a90dcb9c1fc9c63f1e2dc7dbd79ecfd2,Lead,Lead,2024-05-06 08:02:16+00:00,nan,,,,,,False
90abb7a3fab6efe0f5017b11df3c2ffc,2c71c5d66c7e12a0b3c200ba6ed3b78e,a90dcb9c1fc9c63f1e2dc7dbd79ecfd2,Lead,Lead,2024-05-06 08:02:16+00:00,nan,,,,,,False
251cb17f5a0a266d4eec7f3f478ad245,4acfa96cb521b6963b50bcef95bee485,774656feb3119be1d8d6d893429c7cc0,Lead,Lead,2024-05-13 06:38:59+00:00,nan,,,,,,False
251cb17f5a0a266d4eec7f3f478ad245,4acfa96cb521b6963b50bcef95bee485,774656feb3119be1d8d6d893429c7cc0,Lead,Lead,2024-05-13 06:38:59+00:00,nan,,,,,,False
251cb17f5a0a266d4eec7f3f478ad245,4acfa96cb521b6963b50bcef95bee485,774656feb3119be1d8d6d893429c7cc0,Lead,Lead,2024-05-13 06:38:59+00:00,nan,,,,,,False
251cb17f5a0a266d4eec7f3f478ad245,4acfa96cb521b6963b50bcef95bee485,774656feb3119be1d8d6d893429c7cc0,Lead,Lead,2024-05-13 06:38:59+00:00,nan,,,,,,False
251cb17f5a0a266d4eec7f3f478ad245,4acfa96cb521b6963b50bcef95bee485,774656feb3119be1d8d6d893429c7cc0,Lead,Lead,2024-05-13 06:38:59+00:00,nan,,,,,,False
251cb17f5a0a266d4eec7f3f478ad245,4acfa96cb521b6963b50bcef95bee485,774656feb3119be1d8d6d893429c7cc0,Lead,Lead,2024-05-13 06:38:59+00:00,nan,,,,,,False
251cb17f5a0a266d4eec7f3f478ad245,4acfa96cb521b6963b50bcef95bee485,774656feb3119be1d8d6d893429c7cc0,Lead,Lead,2024-05-13 06:38:59+00:00,nan,,,,,,False
79096365084a0d3f51ad9a0725f6708f,nan,cdd490a959231b4f9014cc18f737a300,Draft Transaction,Offline,2024-05-02 06:34:13+00:00,nan,,,,,,False
61717d106753428549731b63554d70a5,4acfa96cb521b6963b50bcef95bee485,c50f607bbae83f7c53551476e11997eb,Lead,Lead,2024-05-13 06:31:40+00:00,da0071e2bb7794ac19ff4dbbb6e772f0,,,,,False,False
61717d106753428549731b63554d70a5,4acfa96cb521b6963b50bcef95bee485,c50f607bbae83f7c53551476e11997eb,Lead,Lead,2024-05-13 06:31:40+00:00,da0071e2bb7794ac19ff4dbbb6e772f0,,,,,False,False
61717d106753428549731b63554d70a5,4acfa96cb521b6963b50bcef95bee485,c50f607bbae83f7c53551476e11997eb,Lead,Lead,2024-05-13 06:31:40+00:00,da0071e2bb7794ac19ff4dbbb6e772f0,,,,,False,False
61717d106753428549731b63554d70a5,4acfa96cb521b6963b50bcef95bee485,c50f607bbae83f7c53551476e11997eb,Lead,Lead,2024-05-13 06:31:40+00:00,da0071e2bb7794ac19ff4dbbb6e772f0,,,,,False,False
61717d106753428549731b63554d70a5,4acfa96cb521b6963b50bcef95bee485,c50f607bbae83f7c53551476e11997eb,Lead,Lead,2024-05-13 06:31:40+00:00,da0071e2bb7794ac19ff4dbbb6e772f0,,,,,False,False
61717d106753428549731b63554d70a5,4acfa96cb521b6963b50bcef95bee485,c50f607bbae83f7c53551476e11997eb,Lead,Lead,2024-05-13 06:31:40+00:00,da0071e2bb7794ac19ff4dbbb6e772f0,,,,,False,False
61717d106753428549731b63554d70a5,4acfa96cb521b6963b50bcef95bee485,c50f607bbae83f7c53551476e11997eb,Lead,Lead,2024-05-13 06:31:40+00:00,da0071e2bb7794ac19ff4dbbb6e772f0,,,,,False,False
3c2d868e7310b1690f1e7429d04b4c6b,2c71c5d66c7e12a0b3c200ba6ed3b78e,09761f520c39620c1fc95b31d2a3047d,Draft Transaction,Offline,2024-05-01 05:22:16+00:00,e283b54d76844faaa985f83b037de8a2,,,,,False,False
3c2d868e7310b1690f1e7429d04b4c6b,2c71c5d66c7e12a0b3c200ba6ed3b78e,09761f520c39620c1fc95b31d2a3047d,Draft Transaction,Offline,2024-05-01 05:22:16+00:00,e283b54d76844faaa985f83b037de8a2,,,,,False,False
3c2d868e7310b1690f1e7429d04b4c6b,2c71c5d66c7e12a0b3c200ba6ed3b78e,09761f520c39620c1fc95b31d2a3047d,Draft Transaction,Offline,2024-05-01 05:22:16+00:00,e283b54d76844faaa985f83b037de8a2,,,,,False,False
3c2d868e7310b1690f1e7429d04b4c6b,2c71c5d66c7e12a0b3c200ba6ed3b78e,09761f520c39620c1fc95b31d2a3047d,Draft Transaction,Offline,2024-05-01 05:22:16+00:00,e283b54d76844faaa985f83b037de8a2,,,,,False,False
3c2d868e7310b1690f1e7429d04b4c6b,2c71c5d66c7e12a0b3c200ba6ed3b78e,09761f520c39620c1fc95b31d2a3047d,Draft Transaction,Offline,2024-05-01 05:22:16+00:00,e283b54d76844faaa985f83b037de8a2,,,,,False,False
3c2d868e7310b1690f1e7429d04b4c6b,2c71c5d66c7e12a0b3c200ba6ed3b78e,09761f520c39620c1fc95b31d2a3047d,Draft Transaction,Offline,2024-05-01 05:22:16+00:00,e283b54d76844faaa985f83b037de8a2,,,,,False,False
3c2d868e7310b1690f1e7429d04b4c6b,2c71c5d66c7e12a0b3c200ba6ed3b78e,09761f520c39620c1fc95b31d2a3047d,Draft Transaction,Offline,2024-05-01 05:22:16+00:00,e283b54d76844faaa985f83b037de8a2,,,,,False,False
3c2d868e7310b1690f1e7429d04b4c6b,2c71c5d66c7e12a0b3c200ba6ed3b78e,09761f520c39620c1fc95b31d2a3047d,Draft Transaction,Offline,2024-05-01 05:22:16+00:00,e283b54d76844faaa985f83b037de8a2,,,,,False,False
3c2d868e7310b1690f1e7429d04b4c6b,2c71c5d66c7e12a0b3c200ba6ed3b78e,09761f520c39620c1fc95b31d2a3047d,Draft Transaction,Offline,2024-05-01 05:22:16+00:00,e283b54d76844faaa985f83b037de8a2,,,,,False,False
3c2d868e7310b1690f1e7429d04b4c6b,2c71c5d66c7e12a0b3c200ba6ed3b78e,09761f520c39620c1fc95b31d2a3047d,Draft Transaction,Offline,2024-05-01 05:22:16+00:00,e283b54d76844faaa985f83b037de8a2,,,,,False,False
3c2d868e7310b1690f1e7429d04b4c6b,2c71c5d66c7e12a0b3c200ba6ed3b78e,09761f520c39620c1fc95b31d2a3047d,Draft Transaction,Offline,2024-05-01 05:22:16+00:00,e283b54d76844faaa985f83b037de8a2,,,,,False,False
3c2d868e7310b1690f1e7429d04b4c6b,2c71c5d66c7e12a0b3c200ba6ed3b78e,09761f520c39620c1fc95b31d2a3047d,Draft Transaction,Offline,2024-05-01 05:22:16+00:00,e283b54d76844faaa985f83b037de8a2,,,,,False,False
3c2d868e7310b1690f1e7429d04b4c6b,2c71c5d66c7e12a0b3c200ba6ed3b78e,09761f520c39620c1fc95b31d2a3047d,Draft Transaction,Offline,2024-05-01 05:22:16+00:00,e283b54d76844faaa985f83b037de8a2,,,,,False,False
bfdc4ba9d1e89cd5f19ed6d239b7b06a,nan,nan,Draft Transaction,Offline,2024-05-16 04:52:59+00:00,c8d6bb873db3478e39a43260a0bbac1a,,NEW,,,,False
30a0cdbe9f518b9938bf9b9399f8b048,b755269324c62c3a6b0bb6568f5d4d26,08b8ab0371b6a0cb79319628505c446c,Lead,Lead,2024-04-16 07:09:25+00:00,4c8cae052f19cea66544affc759b76ee,,,,,,False
30a0cdbe9f518b9938bf9b9399f8b048,b755269324c62c3a6b0bb6568f5d4d26,08b8ab0371b6a0cb79319628505c446c,Lead,Lead,2024-04-16 07:09:25+00:00,4c8cae052f19cea66544affc759b76ee,,,,,,False
30a0cdbe9f518b9938bf9b9399f8b048,b755269324c62c3a6b0bb6568f5d4d26,08b8ab0371b6a0cb79319628505c446c,Lead,Lead,2024-04-16 07:09:25+00:00,4c8cae052f19cea66544affc759b76ee,,,,,,False
30a0cdbe9f518b9938bf9b9399f8b048,b755269324c62c3a6b0bb6568f5d4d26,08b8ab0371b6a0cb79319628505c446c,Lead,Lead,2024-04-16 07:09:25+00:00,4c8cae052f19cea66544affc759b76ee,,,,,,False
b7056002e75cd4b2583d8e8ee401e230,nan,nan,Draft Transaction,Offline,2024-05-20 04:23:21+00:00,93d48d85048e102d32d02df43138d283,,NEW,,,,False
3c2d4fcbb8d1bf5e82407fbae76b9917,nan,ee6570190f4a18fe1d9646d2ab037bbf,Draft Transaction,Offline,2024-05-02 04:49:01+00:00,1d1eb8a9e864a1cccb2d850398461807,,NEW,,,,False
8882f8f02e658bd06627f9e0aedf9325,2c71c5d66c7e12a0b3c200ba6ed3b78e,08b8ab0371b6a0cb79319628505c446c,Lead,Lead,2024-03-20 07:49:17+00:00,nan,,,,,,False
8882f8f02e658bd06627f9e0aedf9325,2c71c5d66c7e12a0b3c200ba6ed3b78e,08b8ab0371b6a0cb79319628505c446c,Lead,Lead,2024-03-20 07:49:17+00:00,nan,,,,,,False
8882f8f02e658bd06627f9e0aedf9325,2c71c5d66c7e12a0b3c200ba6ed3b78e,08b8ab0371b6a0cb79319628505c446c,Lead,Lead,2024-03-20 07:49:17+00:00,nan,,,,,,False
8882f8f02e658bd06627f9e0aedf9325,2c71c5d66c7e12a0b3c200ba6ed3b78e,08b8ab0371b6a0cb79319628505c446c,Lead,Lead,2024-03-20 07:49:17+00:00,nan,,,,,,False
8882f8f02e658bd06627f9e0aedf9325,2c71c5d66c7e12a0b3c200ba6ed3b78e,08b8ab0371b6a0cb79319628505c446c,Lead,Lead,2024-03-20 07:49:17+00:00,nan,,,,,,False
8882f8f02e658bd06627f9e0aedf9325,2c71c5d66c7e12a0b3c200ba6ed3b78e,08b8ab0371b6a0cb79319628505c446c,Lead,Lead,2024-03-20 07:49:17+00:00,nan,,,,,,False
8882f8f02e658bd06627f9e0aedf9325,2c71c5d66c7e12a0b3c200ba6ed3b78e,08b8ab0371b6a0cb79319628505c446c,Lead,Lead,2024-03-20 07:49:17+00:00,nan,,,,,,False
8882f8f02e658bd06627f9e0aedf9325,2c71c5d66c7e12a0b3c200ba6ed3b78e,08b8ab0371b6a0cb79319628505c446c,Lead,Lead,2024-03-20 07:49:17+00:00,nan,,,,,,False
8882f8f02e658bd06627f9e0aedf9325,2c71c5d66c7e12a0b3c200ba6ed3b78e,08b8ab0371b6a0cb79319628505c446c,Lead,Lead,2024-03-20 07:49:17+00:00,nan,,,,,,False
8882f8f02e658bd06627f9e0aedf9325,2c71c5d66c7e12a0b3c200ba6ed3b78e,08b8ab0371b6a0cb79319628505c446c,Lead,Lead,2024-03-20 07:49:17+00:00,nan,,,,,,False
8882f8f02e658bd06627f9e0aedf9325,2c71c5d66c7e12a0b3c200ba6ed3b78e,08b8ab0371b6a0cb79319628505c446c,Lead,Lead,2024-03-20 07:49:17+00:00,nan,,,,,,False
8882f8f02e658bd06627f9e0aedf9325,2c71c5d66c7e12a0b3c200ba6ed3b78e,08b8ab0371b6a0cb79319628505c446c,Lead,Lead,2024-03-20 07:49:17+00:00,nan,,,,,,False
8882f8f02e658bd06627f9e0aedf9325,2c71c5d66c7e12a0b3c200ba6ed3b78e,08b8ab0371b6a0cb79319628505c446c,Lead,Lead,2024-03-20 07:49:17+00:00,nan,,,,,,False
8882f8f02e658bd06627f9e0aedf9325,2c71c5d66c7e12a0b3c200ba6ed3b78e,08b8ab0371b6a0cb79319628505c446c,Lead,Lead,2024-03-20 07:49:17+00:00,nan,,,,,,False
8882f8f02e658bd06627f9e0aedf9325,2c71c5d66c7e12a0b3c200ba6ed3b78e,08b8ab0371b6a0cb79319628505c446c,Lead,Lead,2024-03-20 07:49:17+00:00,nan,,,,,,False
8882f8f02e658bd06627f9e0aedf9325,2c71c5d66c7e12a0b3c200ba6ed3b78e,08b8ab0371b6a0cb79319628505c446c,Lead,Lead,2024-03-20 07:49:17+00:00,nan,,,,,,False
8882f8f02e658bd06627f9e0aedf9325,2c71c5d66c7e12a0b3c200ba6ed3b78e,08b8ab0371b6a0cb79319628505c446c,Lead,Lead,2024-03-20 07:49:17+00:00,nan,,,,,,False
8882f8f02e658bd06627f9e0aedf9325,2c71c5d66c7e12a0b3c200ba6ed3b78e,08b8ab0371b6a0cb79319628505c446c,Lead,Lead,2024-03-20 07:49:17+00:00,nan,,,,,,False
8882f8f02e658bd06627f9e0aedf9325,2c71c5d66c7e12a0b3c200ba6ed3b78e,08b8ab0371b6a0cb79319628505c446c,Lead,Lead,2024-03-20 07:49:17+00:00,nan,,,,,,False
8882f8f02e658bd06627f9e0aedf9325,2c71c5d66c7e12a0b3c200ba6ed3b78e,08b8ab0371b6a0cb79319628505c446c,Lead,Lead,2024-03-20 07:49:17+00:00,nan,,,,,,False
8882f8f02e658bd06627f9e0aedf9325,2c71c5d66c7e12a0b3c200ba6ed3b78e,08b8ab0371b6a0cb79319628505c446c,Lead,Lead,2024-03-20 07:49:17+00:00,nan,,,,,,False
8882f8f02e658bd06627f9e0aedf9325,2c71c5d66c7e12a0b3c200ba6ed3b78e,08b8ab0371b6a0cb79319628505c446c,Lead,Lead,2024-03-20 07:49:17+00:00,nan,,,,,,False
8882f8f02e658bd06627f9e0aedf9325,2c71c5d66c7e12a0b3c200ba6ed3b78e,08b8ab0371b6a0cb79319628505c446c,Lead,Lead,2024-03-20 07:49:17+00:00,nan,,,,,,False
8882f8f02e658bd06627f9e0aedf9325,2c71c5d66c7e12a0b3c200ba6ed3b78e,08b8ab0371b6a0cb79319628505c446c,Lead,Lead,2024-03-20 07:49:17+00:00,nan,,,,,,False
8882f8f02e658bd06627f9e0aedf9325,2c71c5d66c7e12a0b3c200ba6ed3b78e,08b8ab0371b6a0cb79319628505c446c,Lead,Lead,2024-03-20 07:49:17+00:00,nan,,,,,,False
8882f8f02e658bd06627f9e0aedf9325,2c71c5d66c7e12a0b3c200ba6ed3b78e,08b8ab0371b6a0cb79319628505c446c,Lead,Lead,2024-03-20 07:49:17+00:00,nan,,,,,,False
8882f8f02e658bd06627f9e0aedf9325,2c71c5d66c7e12a0b3c200ba6ed3b78e,08b8ab0371b6a0cb79319628505c446c,Lead,Lead,2024-03-20 07:49:17+00:00,nan,,,,,,False
8882f8f02e658bd06627f9e0aedf9325,2c71c5d66c7e12a0b3c200ba6ed3b78e,08b8ab0371b6a0cb79319628505c446c,Lead,Lead,2024-03-20 07:49:17+00:00,nan,,,,,,False
8882f8f02e658bd06627f9e0aedf9325,2c71c5d66c7e12a0b3c200ba6ed3b78e,08b8ab0371b6a0cb79319628505c446c,Lead,Lead,2024-03-20 07:49:17+00:00,nan,,,,,,False
8882f8f02e658bd06627f9e0aedf9325,2c71c5d66c7e12a0b3c200ba6ed3b78e,08b8ab0371b6a0cb79319628505c446c,Lead,Lead,2024-03-20 07:49:17+00:00,nan,,,,,,False
8882f8f02e658bd06627f9e0aedf9325,2c71c5d66c7e12a0b3c200ba6ed3b78e,08b8ab0371b6a0cb79319628505c446c,Lead,Lead,2024-03-20 07:49:17+00:00,nan,,,,,,False
8882f8f02e658bd06627f9e0aedf9325,2c71c5d66c7e12a0b3c200ba6ed3b78e,08b8ab0371b6a0cb79319628505c446c,Lead,Lead,2024-03-20 07:49:17+00:00,nan,,,,,,False
8882f8f02e658bd06627f9e0aedf9325,2c71c5d66c7e12a0b3c200ba6ed3b78e,08b8ab0371b6a0cb79319628505c446c,Lead,Lead,2024-03-20 07:49:17+00:00,nan,,,,,,False
8882f8f02e658bd06627f9e0aedf9325,2c71c5d66c7e12a0b3c200ba6ed3b78e,08b8ab0371b6a0cb79319628505c446c,Lead,Lead,2024-03-20 07:49:17+00:00,nan,,,,,,False
8882f8f02e658bd06627f9e0aedf9325,2c71c5d66c7e12a0b3c200ba6ed3b78e,08b8ab0371b6a0cb79319628505c446c,Lead,Lead,2024-03-20 07:49:17+00:00,nan,,,,,,False
8882f8f02e658bd06627f9e0aedf9325,2c71c5d66c7e12a0b3c200ba6ed3b78e,08b8ab0371b6a0cb79319628505c446c,Lead,Lead,2024-03-20 07:49:17+00:00,nan,,,,,,False
8882f8f02e658bd06627f9e0aedf9325,2c71c5d66c7e12a0b3c200ba6ed3b78e,08b8ab0371b6a0cb79319628505c446c,Lead,Lead,2024-03-20 07:49:17+00:00,nan,,,,,,False
8882f8f02e658bd06627f9e0aedf9325,2c71c5d66c7e12a0b3c200ba6ed3b78e,08b8ab0371b6a0cb79319628505c446c,Lead,Lead,2024-03-20 07:49:17+00:00,nan,,,,,,False
8882f8f02e658bd06627f9e0aedf9325,2c71c5d66c7e12a0b3c200ba6ed3b78e,08b8ab0371b6a0cb79319628505c446c,Lead,Lead,2024-03-20 07:49:17+00:00,nan,,,,,,False
8882f8f02e658bd06627f9e0aedf9325,2c71c5d66c7e12a0b3c200ba6ed3b78e,08b8ab0371b6a0cb79319628505c446c,Lead,Lead,2024-03-20 07:49:17+00:00,nan,,,,,,False
8882f8f02e658bd06627f9e0aedf9325,2c71c5d66c7e12a0b3c200ba6ed3b78e,08b8ab0371b6a0cb79319628505c446c,Lead,Lead,2024-03-20 07:49:17+00:00,nan,,,,,,False
8882f8f02e658bd06627f9e0aedf9325,2c71c5d66c7e12a0b3c200ba6ed3b78e,08b8ab0371b6a0cb79319628505c446c,Lead,Lead,2024-03-20 07:49:17+00:00,nan,,,,,,False
8882f8f02e658bd06627f9e0aedf9325,2c71c5d66c7e12a0b3c200ba6ed3b78e,08b8ab0371b6a0cb79319628505c446c,Lead,Lead,2024-03-20 07:49:17+00:00,nan,,,,,,False
8882f8f02e658bd06627f9e0aedf9325,2c71c5d66c7e12a0b3c200ba6ed3b78e,08b8ab0371b6a0cb79319628505c446c,Lead,Lead,2024-03-20 07:49:17+00:00,nan,,,,,,False
8882f8f02e658bd06627f9e0aedf9325,2c71c5d66c7e12a0b3c200ba6ed3b78e,08b8ab0371b6a0cb79319628505c446c,Lead,Lead,2024-03-20 07:49:17+00:00,nan,,,,,,False
8882f8f02e658bd06627f9e0aedf9325,2c71c5d66c7e12a0b3c200ba6ed3b78e,08b8ab0371b6a0cb79319628505c446c,Lead,Lead,2024-03-20 07:49:17+00:00,nan,,,,,,False
8882f8f02e658bd06627f9e0aedf9325,2c71c5d66c7e12a0b3c200ba6ed3b78e,08b8ab0371b6a0cb79319628505c446c,Lead,Lead,2024-03-20 07:49:17+00:00,nan,,,,,,False
8882f8f02e658bd06627f9e0aedf9325,2c71c5d66c7e12a0b3c200ba6ed3b78e,08b8ab0371b6a0cb79319628505c446c,Lead,Lead,2024-03-20 07:49:17+00:00,nan,,,,,,False
8882f8f02e658bd06627f9e0aedf9325,2c71c5d66c7e12a0b3c200ba6ed3b78e,08b8ab0371b6a0cb79319628505c446c,Lead,Lead,2024-03-20 07:49:17+00:00,nan,,,,,,False
8882f8f02e658bd06627f9e0aedf9325,2c71c5d66c7e12a0b3c200ba6ed3b78e,08b8ab0371b6a0cb79319628505c446c,Lead,Lead,2024-03-20 07:49:17+00:00,nan,,,,,,False
8882f8f02e658bd06627f9e0aedf9325,2c71c5d66c7e12a0b3c200ba6ed3b78e,08b8ab0371b6a0cb79319628505c446c,Lead,Lead,2024-03-20 07:49:17+00:00,nan,,,,,,False
8882f8f02e658bd06627f9e0aedf9325,2c71c5d66c7e12a0b3c200ba6ed3b78e,08b8ab0371b6a0cb79319628505c446c,Lead,Lead,2024-03-20 07:49:17+00:00,nan,,,,,,False
e066aaa1b0384cd538e5590be41ce325,2c71c5d66c7e12a0b3c200ba6ed3b78e,54b4ac2d01dbb7d14c788e47a501bcf0,Draft Transaction,Offline,2024-05-01 05:07:31+00:00,e42431bb123d41cbedc3e796cbdcd985,,NEW,,,,False
e066aaa1b0384cd538e5590be41ce325,2c71c5d66c7e12a0b3c200ba6ed3b78e,54b4ac2d01dbb7d14c788e47a501bcf0,Draft Transaction,Offline,2024-05-01 05:07:31+00:00,e42431bb123d41cbedc3e796cbdcd985,,NEW,,,,False
e066aaa1b0384cd538e5590be41ce325,2c71c5d66c7e12a0b3c200ba6ed3b78e,54b4ac2d01dbb7d14c788e47a501bcf0,Draft Transaction,Offline,2024-05-01 05:07:31+00:00,e42431bb123d41cbedc3e796cbdcd985,,NEW,,,,False
e066aaa1b0384cd538e5590be41ce325,2c71c5d66c7e12a0b3c200ba6ed3b78e,54b4ac2d01dbb7d14c788e47a501bcf0,Draft Transaction,Offline,2024-05-01 05:07:31+00:00,e42431bb123d41cbedc3e796cbdcd985,,NEW,,,,False
e066aaa1b0384cd538e5590be41ce325,2c71c5d66c7e12a0b3c200ba6ed3b78e,54b4ac2d01dbb7d14c788e47a501bcf0,Draft Transaction,Offline,2024-05-01 05:07:31+00:00,e42431bb123d41cbedc3e796cbdcd985,,NEW,,,,False
e066aaa1b0384cd538e5590be41ce325,2c71c5d66c7e12a0b3c200ba6ed3b78e,54b4ac2d01dbb7d14c788e47a501bcf0,Draft Transaction,Offline,2024-05-01 05:07:31+00:00,e42431bb123d41cbedc3e796cbdcd985,,NEW,,,,False
e066aaa1b0384cd538e5590be41ce325,2c71c5d66c7e12a0b3c200ba6ed3b78e,54b4ac2d01dbb7d14c788e47a501bcf0,Draft Transaction,Offline,2024-05-01 05:07:31+00:00,e42431bb123d41cbedc3e796cbdcd985,,NEW,,,,False
e066aaa1b0384cd538e5590be41ce325,2c71c5d66c7e12a0b3c200ba6ed3b78e,54b4ac2d01dbb7d14c788e47a501bcf0,Draft Transaction,Offline,2024-05-01 05:07:31+00:00,e42431bb123d41cbedc3e796cbdcd985,,NEW,,,,False
e066aaa1b0384cd538e5590be41ce325,2c71c5d66c7e12a0b3c200ba6ed3b78e,54b4ac2d01dbb7d14c788e47a501bcf0,Draft Transaction,Offline,2024-05-01 05:07:31+00:00,e42431bb123d41cbedc3e796cbdcd985,,NEW,,,,False
e066aaa1b0384cd538e5590be41ce325,2c71c5d66c7e12a0b3c200ba6ed3b78e,54b4ac2d01dbb7d14c788e47a501bcf0,Draft Transaction,Offline,2024-05-01 05:07:31+00:00,e42431bb123d41cbedc3e796cbdcd985,,NEW,,,,False
e066aaa1b0384cd538e5590be41ce325,2c71c5d66c7e12a0b3c200ba6ed3b78e,54b4ac2d01dbb7d14c788e47a501bcf0,Draft Transaction,Offline,2024-05-01 05:07:31+00:00,e42431bb123d41cbedc3e796cbdcd985,,NEW,,,,False
e066aaa1b0384cd538e5590be41ce325,2c71c5d66c7e12a0b3c200ba6ed3b78e,54b4ac2d01dbb7d14c788e47a501bcf0,Draft Transaction,Offline,2024-05-01 05:07:31+00:00,e42431bb123d41cbedc3e796cbdcd985,,NEW,,,,False
e066aaa1b0384cd538e5590be41ce325,2c71c5d66c7e12a0b3c200ba6ed3b78e,54b4ac2d01dbb7d14c788e47a501bcf0,Draft Transaction,Offline,2024-05-01 05:07:31+00:00,e42431bb123d41cbedc3e796cbdcd985,,NEW,,,,False
ca06593605d62bc27dacb93533278f44,1eab0611433407d851896635a5b735f5,04aec3adea13099cb24c4cc784f05f3d,Lead,Lead,2024-05-24 04:57:33+00:00,nan,,,,,,False
70ab7f982d360286a79c8a3050f5506d,2bab9f04bacea881a9e796136ac186da,08b8ab0371b6a0cb79319628505c446c,Lead,Lead,2024-04-23 04:55:40+00:00,nan,,,,,,False
70ab7f982d360286a79c8a3050f5506d,2bab9f04bacea881a9e796136ac186da,08b8ab0371b6a0cb79319628505c446c,Lead,Lead,2024-04-23 04:55:40+00:00,nan,,,,,,False
70ab7f982d360286a79c8a3050f5506d,2bab9f04bacea881a9e796136ac186da,08b8ab0371b6a0cb79319628505c446c,Lead,Lead,2024-04-23 04:55:40+00:00,nan,,,,,,False
70ab7f982d360286a79c8a3050f5506d,2bab9f04bacea881a9e796136ac186da,08b8ab0371b6a0cb79319628505c446c,Lead,Lead,2024-04-23 04:55:40+00:00,nan,,,,,,False
24a62000845ed37ef32e5f5b697480c1,nan,773c666a2c42dab86c86fb6aacddf07c,Draft Transaction,Offline,2024-05-02 13:46:38+00:00,09b9ee18ba1969f7ce8d23546ae09555,,NEW,,,,False
7a03e01e0c17b2322845242a796adb5e,2c71c5d66c7e12a0b3c200ba6ed3b78e,12dd343d282fb7915f55982937c30b87,User Sign Up,Online,2024-04-22 15:04:57+00:00,4c8cae052f19cea66544affc759b76ee,,,,,False,False
7a03e01e0c17b2322845242a796adb5e,2c71c5d66c7e12a0b3c200ba6ed3b78e,12dd343d282fb7915f55982937c30b87,User Sign Up,Online,2024-04-22 15:04:57+00:00,4c8cae052f19cea66544affc759b76ee,,,,,False,False
7a03e01e0c17b2322845242a796adb5e,2c71c5d66c7e12a0b3c200ba6ed3b78e,12dd343d282fb7915f55982937c30b87,User Sign Up,Online,2024-04-22 15:04:57+00:00,4c8cae052f19cea66544affc759b76ee,,,,,False,False
7a03e01e0c17b2322845242a796adb5e,2c71c5d66c7e12a0b3c200ba6ed3b78e,12dd343d282fb7915f55982937c30b87,User Sign Up,Online,2024-04-22 15:04:57+00:00,4c8cae052f19cea66544affc759b76ee,,,,,False,False
7a03e01e0c17b2322845242a796adb5e,2c71c5d66c7e12a0b3c200ba6ed3b78e,12dd343d282fb7915f55982937c30b87,User Sign Up,Online,2024-04-22 15:04:57+00:00,4c8cae052f19cea66544affc759b76ee,,,,,False,False
7a03e01e0c17b2322845242a796adb5e,2c71c5d66c7e12a0b3c200ba6ed3b78e,12dd343d282fb7915f55982937c30b87,User Sign Up,Online,2024-04-22 15:04:57+00:00,4c8cae052f19cea66544affc759b76ee,,,,,False,False
7a03e01e0c17b2322845242a796adb5e,2c71c5d66c7e12a0b3c200ba6ed3b78e,12dd343d282fb7915f55982937c30b87,User Sign Up,Online,2024-04-22 15:04:57+00:00,4c8cae052f19cea66544affc759b76ee,,,,,False,False
7a03e01e0c17b2322845242a796adb5e,2c71c5d66c7e12a0b3c200ba6ed3b78e,12dd343d282fb7915f55982937c30b87,User Sign Up,Online,2024-04-22 15:04:57+00:00,4c8cae052f19cea66544affc759b76ee,,,,,False,False
7a03e01e0c17b2322845242a796adb5e,2c71c5d66c7e12a0b3c200ba6ed3b78e,12dd343d282fb7915f55982937c30b87,User Sign Up,Online,2024-04-22 15:04:57+00:00,4c8cae052f19cea66544affc759b76ee,,,,,False,False
7a03e01e0c17b2322845242a796adb5e,2c71c5d66c7e12a0b3c200ba6ed3b78e,12dd343d282fb7915f55982937c30b87,User Sign Up,Online,2024-04-22 15:04:57+00:00,4c8cae052f19cea66544affc759b76ee,,,,,False,False
7a03e01e0c17b2322845242a796adb5e,2c71c5d66c7e12a0b3c200ba6ed3b78e,12dd343d282fb7915f55982937c30b87,User Sign Up,Online,2024-04-22 15:04:57+00:00,4c8cae052f19cea66544affc759b76ee,,,,,False,False
7a03e01e0c17b2322845242a796adb5e,2c71c5d66c7e12a0b3c200ba6ed3b78e,12dd343d282fb7915f55982937c30b87,User Sign Up,Online,2024-04-22 15:04:57+00:00,4c8cae052f19cea66544affc759b76ee,,,,,False,False
7a03e01e0c17b2322845242a796adb5e,2c71c5d66c7e12a0b3c200ba6ed3b78e,12dd343d282fb7915f55982937c30b87,User Sign Up,Online,2024-04-22 15:04:57+00:00,4c8cae052f19cea66544affc759b76ee,,,,,False,False
7a03e01e0c17b2322845242a796adb5e,2c71c5d66c7e12a0b3c200ba6ed3b78e,12dd343d282fb7915f55982937c30b87,User Sign Up,Online,2024-04-22 15:04:57+00:00,4c8cae052f19cea66544affc759b76ee,,,,,False,False
7a03e01e0c17b2322845242a796adb5e,2c71c5d66c7e12a0b3c200ba6ed3b78e,12dd343d282fb7915f55982937c30b87,User Sign Up,Online,2024-04-22 15:04:57+00:00,4c8cae052f19cea66544affc759b76ee,,,,,False,False
7a03e01e0c17b2322845242a796adb5e,2c71c5d66c7e12a0b3c200ba6ed3b78e,12dd343d282fb7915f55982937c30b87,User Sign Up,Online,2024-04-22 15:04:57+00:00,4c8cae052f19cea66544affc759b76ee,,,,,False,False
7a03e01e0c17b2322845242a796adb5e,2c71c5d66c7e12a0b3c200ba6ed3b78e,12dd343d282fb7915f55982937c30b87,User Sign Up,Online,2024-04-22 15:04:57+00:00,4c8cae052f19cea66544affc759b76ee,,,,,False,False
7a03e01e0c17b2322845242a796adb5e,2c71c5d66c7e12a0b3c200ba6ed3b78e,12dd343d282fb7915f55982937c30b87,User Sign Up,Online,2024-04-22 15:04:57+00:00,4c8cae052f19cea66544affc759b76ee,,,,,False,False
7a03e01e0c17b2322845242a796adb5e,2c71c5d66c7e12a0b3c200ba6ed3b78e,12dd343d282fb7915f55982937c30b87,User Sign Up,Online,2024-04-22 15:04:57+00:00,4c8cae052f19cea66544affc759b76ee,,,,,False,False
7a03e01e0c17b2322845242a796adb5e,2c71c5d66c7e12a0b3c200ba6ed3b78e,12dd343d282fb7915f55982937c30b87,User Sign Up,Online,2024-04-22 15:04:57+00:00,4c8cae052f19cea66544affc759b76ee,,,,,False,False
7a03e01e0c17b2322845242a796adb5e,2c71c5d66c7e12a0b3c200ba6ed3b78e,12dd343d282fb7915f55982937c30b87,User Sign Up,Online,2024-04-22 15:04:57+00:00,4c8cae052f19cea66544affc759b76ee,,,,,False,False
7a03e01e0c17b2322845242a796adb5e,2c71c5d66c7e12a0b3c200ba6ed3b78e,12dd343d282fb7915f55982937c30b87,User Sign Up,Online,2024-04-22 15:04:57+00:00,4c8cae052f19cea66544affc759b76ee,,,,,False,False
7a03e01e0c17b2322845242a796adb5e,2c71c5d66c7e12a0b3c200ba6ed3b78e,12dd343d282fb7915f55982937c30b87,User Sign Up,Online,2024-04-22 15:04:57+00:00,4c8cae052f19cea66544affc759b76ee,,,,,False,False
7a03e01e0c17b2322845242a796adb5e,2c71c5d66c7e12a0b3c200ba6ed3b78e,12dd343d282fb7915f55982937c30b87,User Sign Up,Online,2024-04-22 15:04:57+00:00,4c8cae052f19cea66544affc759b76ee,,,,,False,False
7a03e01e0c17b2322845242a796adb5e,2c71c5d66c7e12a0b3c200ba6ed3b78e,12dd343d282fb7915f55982937c30b87,User Sign Up,Online,2024-04-22 15:04:57+00:00,4c8cae052f19cea66544affc759b76ee,,,,,False,False
7a03e01e0c17b2322845242a796adb5e,2c71c5d66c7e12a0b3c200ba6ed3b78e,12dd343d282fb7915f55982937c30b87,User Sign Up,Online,2024-04-22 15:04:57+00:00,4c8cae052f19cea66544affc759b76ee,,,,,False,False
7a03e01e0c17b2322845242a796adb5e,2c71c5d66c7e12a0b3c200ba6ed3b78e,12dd343d282fb7915f55982937c30b87,User Sign Up,Online,2024-04-22 15:04:57+00:00,4c8cae052f19cea66544affc759b76ee,,,,,False,False
7a03e01e0c17b2322845242a796adb5e,2c71c5d66c7e12a0b3c200ba6ed3b78e,12dd343d282fb7915f55982937c30b87,User Sign Up,Online,2024-04-22 15:04:57+00:00,4c8cae052f19cea66544affc759b76ee,,,,,False,False
7a03e01e0c17b2322845242a796adb5e,2c71c5d66c7e12a0b3c200ba6ed3b78e,12dd343d282fb7915f55982937c30b87,User Sign Up,Online,2024-04-22 15:04:57+00:00,4c8cae052f19cea66544affc759b76ee,,,,,False,False
7a03e01e0c17b2322845242a796adb5e,2c71c5d66c7e12a0b3c200ba6ed3b78e,12dd343d282fb7915f55982937c30b87,User Sign Up,Online,2024-04-22 15:04:57+00:00,4c8cae052f19cea66544affc759b76ee,,,,,False,False
7a03e01e0c17b2322845242a796adb5e,2c71c5d66c7e12a0b3c200ba6ed3b78e,12dd343d282fb7915f55982937c30b87,User Sign Up,Online,2024-04-22 15:04:57+00:00,4c8cae052f19cea66544affc759b76ee,,,,,False,False
7a03e01e0c17b2322845242a796adb5e,2c71c5d66c7e12a0b3c200ba6ed3b78e,12dd343d282fb7915f55982937c30b87,User Sign Up,Online,2024-04-22 15:04:57+00:00,4c8cae052f19cea66544affc759b76ee,,,,,False,False
7a03e01e0c17b2322845242a796adb5e,2c71c5d66c7e12a0b3c200ba6ed3b78e,12dd343d282fb7915f55982937c30b87,User Sign Up,Online,2024-04-22 15:04:57+00:00,4c8cae052f19cea66544affc759b76ee,,,,,False,False
7a03e01e0c17b2322845242a796adb5e,2c71c5d66c7e12a0b3c200ba6ed3b78e,12dd343d282fb7915f55982937c30b87,User Sign Up,Online,2024-04-22 15:04:57+00:00,4c8cae052f19cea66544affc759b76ee,,,,,False,False
7a03e01e0c17b2322845242a796adb5e,2c71c5d66c7e12a0b3c200ba6ed3b78e,12dd343d282fb7915f55982937c30b87,User Sign Up,Online,2024-04-22 15:04:57+00:00,4c8cae052f19cea66544affc759b76ee,,,,,False,False
7a03e01e0c17b2322845242a796adb5e,2c71c5d66c7e12a0b3c200ba6ed3b78e,12dd343d282fb7915f55982937c30b87,User Sign Up,Online,2024-04-22 15:04:57+00:00,4c8cae052f19cea66544affc759b76ee,,,,,False,False
7a03e01e0c17b2322845242a796adb5e,2c71c5d66c7e12a0b3c200ba6ed3b78e,12dd343d282fb7915f55982937c30b87,User Sign Up,Online,2024-04-22 15:04:57+00:00,4c8cae052f19cea66544affc759b76ee,,,,,False,False
7a03e01e0c17b2322845242a796adb5e,2c71c5d66c7e12a0b3c200ba6ed3b78e,12dd343d282fb7915f55982937c30b87,User Sign Up,Online,2024-04-22 15:04:57+00:00,4c8cae052f19cea66544affc759b76ee,,,,,False,False
7a03e01e0c17b2322845242a796adb5e,2c71c5d66c7e12a0b3c200ba6ed3b78e,12dd343d282fb7915f55982937c30b87,User Sign Up,Online,2024-04-22 15:04:57+00:00,4c8cae052f19cea66544affc759b76ee,,,,,False,False
7a03e01e0c17b2322845242a796adb5e,2c71c5d66c7e12a0b3c200ba6ed3b78e,12dd343d282fb7915f55982937c30b87,User Sign Up,Online,2024-04-22 15:04:57+00:00,4c8cae052f19cea66544affc759b76ee,,,,,False,False
7a03e01e0c17b2322845242a796adb5e,2c71c5d66c7e12a0b3c200ba6ed3b78e,12dd343d282fb7915f55982937c30b87,User Sign Up,Online,2024-04-22 15:04:57+00:00,4c8cae052f19cea66544affc759b76ee,,,,,False,False
7a03e01e0c17b2322845242a796adb5e,2c71c5d66c7e12a0b3c200ba6ed3b78e,12dd343d282fb7915f55982937c30b87,User Sign Up,Online,2024-04-22 15:04:57+00:00,4c8cae052f19cea66544affc759b76ee,,,,,False,False
7a03e01e0c17b2322845242a796adb5e,2c71c5d66c7e12a0b3c200ba6ed3b78e,12dd343d282fb7915f55982937c30b87,User Sign Up,Online,2024-04-22 15:04:57+00:00,4c8cae052f19cea66544affc759b76ee,,,,,False,False
7a03e01e0c17b2322845242a796adb5e,2c71c5d66c7e12a0b3c200ba6ed3b78e,12dd343d282fb7915f55982937c30b87,User Sign Up,Online,2024-04-22 15:04:57+00:00,4c8cae052f19cea66544affc759b76ee,,,,,False,False
7a03e01e0c17b2322845242a796adb5e,2c71c5d66c7e12a0b3c200ba6ed3b78e,12dd343d282fb7915f55982937c30b87,User Sign Up,Online,2024-04-22 15:04:57+00:00,4c8cae052f19cea66544affc759b76ee,,,,,False,False
7a03e01e0c17b2322845242a796adb5e,2c71c5d66c7e12a0b3c200ba6ed3b78e,12dd343d282fb7915f55982937c30b87,User Sign Up,Online,2024-04-22 15:04:57+00:00,4c8cae052f19cea66544affc759b76ee,,,,,False,False
7a03e01e0c17b2322845242a796adb5e,2c71c5d66c7e12a0b3c200ba6ed3b78e,12dd343d282fb7915f55982937c30b87,User Sign Up,Online,2024-04-22 15:04:57+00:00,4c8cae052f19cea66544affc759b76ee,,,,,False,False
7a03e01e0c17b2322845242a796adb5e,2c71c5d66c7e12a0b3c200ba6ed3b78e,12dd343d282fb7915f55982937c30b87,User Sign Up,Online,2024-04-22 15:04:57+00:00,4c8cae052f19cea66544affc759b76ee,,,,,False,False
7a03e01e0c17b2322845242a796adb5e,2c71c5d66c7e12a0b3c200ba6ed3b78e,12dd343d282fb7915f55982937c30b87,User Sign Up,Online,2024-04-22 15:04:57+00:00,4c8cae052f19cea66544affc759b76ee,,,,,False,False
7a03e01e0c17b2322845242a796adb5e,2c71c5d66c7e12a0b3c200ba6ed3b78e,12dd343d282fb7915f55982937c30b87,User Sign Up,Online,2024-04-22 15:04:57+00:00,4c8cae052f19cea66544affc759b76ee,,,,,False,False
7a03e01e0c17b2322845242a796adb5e,2c71c5d66c7e12a0b3c200ba6ed3b78e,12dd343d282fb7915f55982937c30b87,User Sign Up,Online,2024-04-22 15:04:57+00:00,4c8cae052f19cea66544affc759b76ee,,,,,False,False
7a03e01e0c17b2322845242a796adb5e,2c71c5d66c7e12a0b3c200ba6ed3b78e,12dd343d282fb7915f55982937c30b87,User Sign Up,Online,2024-04-22 15:04:57+00:00,4c8cae052f19cea66544affc759b76ee,,,,,False,False
7a03e01e0c17b2322845242a796adb5e,2c71c5d66c7e12a0b3c200ba6ed3b78e,12dd343d282fb7915f55982937c30b87,User Sign Up,Online,2024-04-22 15:04:57+00:00,4c8cae052f19cea66544affc759b76ee,,,,,False,False
7a03e01e0c17b2322845242a796adb5e,2c71c5d66c7e12a0b3c200ba6ed3b78e,12dd343d282fb7915f55982937c30b87,User Sign Up,Online,2024-04-22 15:04:57+00:00,4c8cae052f19cea66544affc759b76ee,,,,,False,False
7a03e01e0c17b2322845242a796adb5e,2c71c5d66c7e12a0b3c200ba6ed3b78e,12dd343d282fb7915f55982937c30b87,User Sign Up,Online,2024-04-22 15:04:57+00:00,4c8cae052f19cea66544affc759b76ee,,,,,False,False
7a03e01e0c17b2322845242a796adb5e,2c71c5d66c7e12a0b3c200ba6ed3b78e,12dd343d282fb7915f55982937c30b87,User Sign Up,Online,2024-04-22 15:04:57+00:00,4c8cae052f19cea66544affc759b76ee,,,,,False,False
7a03e01e0c17b2322845242a796adb5e,2c71c5d66c7e12a0b3c200ba6ed3b78e,12dd343d282fb7915f55982937c30b87,User Sign Up,Online,2024-04-22 15:04:57+00:00,4c8cae052f19cea66544affc759b76ee,,,,,False,False
7a03e01e0c17b2322845242a796adb5e,2c71c5d66c7e12a0b3c200ba6ed3b78e,12dd343d282fb7915f55982937c30b87,User Sign Up,Online,2024-04-22 15:04:57+00:00,4c8cae052f19cea66544affc759b76ee,,,,,False,False
7a03e01e0c17b2322845242a796adb5e,2c71c5d66c7e12a0b3c200ba6ed3b78e,12dd343d282fb7915f55982937c30b87,User Sign Up,Online,2024-04-22 15:04:57+00:00,4c8cae052f19cea66544affc759b76ee,,,,,False,False
7a03e01e0c17b2322845242a796adb5e,2c71c5d66c7e12a0b3c200ba6ed3b78e,12dd343d282fb7915f55982937c30b87,User Sign Up,Online,2024-04-22 15:04:57+00:00,4c8cae052f19cea66544affc759b76ee,,,,,False,False
7a03e01e0c17b2322845242a796adb5e,2c71c5d66c7e12a0b3c200ba6ed3b78e,12dd343d282fb7915f55982937c30b87,User Sign Up,Online,2024-04-22 15:04:57+00:00,4c8cae052f19cea66544affc759b76ee,,,,,False,False
7a03e01e0c17b2322845242a796adb5e,2c71c5d66c7e12a0b3c200ba6ed3b78e,12dd343d282fb7915f55982937c30b87,User Sign Up,Online,2024-04-22 15:04:57+00:00,4c8cae052f19cea66544affc759b76ee,,,,,False,False
7a03e01e0c17b2322845242a796adb5e,2c71c5d66c7e12a0b3c200ba6ed3b78e,12dd343d282fb7915f55982937c30b87,User Sign Up,Online,2024-04-22 15:04:57+00:00,4c8cae052f19cea66544affc759b76ee,,,,,False,False
7a03e01e0c17b2322845242a796adb5e,2c71c5d66c7e12a0b3c200ba6ed3b78e,12dd343d282fb7915f55982937c30b87,User Sign Up,Online,2024-04-22 15:04:57+00:00,4c8cae052f19cea66544affc759b76ee,,,,,False,False
7a03e01e0c17b2322845242a796adb5e,2c71c5d66c7e12a0b3c200ba6ed3b78e,12dd343d282fb7915f55982937c30b87,User Sign Up,Online,2024-04-22 15:04:57+00:00,4c8cae052f19cea66544affc759b76ee,,,,,False,False
7a03e01e0c17b2322845242a796adb5e,2c71c5d66c7e12a0b3c200ba6ed3b78e,12dd343d282fb7915f55982937c30b87,User Sign Up,Online,2024-04-22 15:04:57+00:00,4c8cae052f19cea66544affc759b76ee,,,,,False,False
7a03e01e0c17b2322845242a796adb5e,2c71c5d66c7e12a0b3c200ba6ed3b78e,12dd343d282fb7915f55982937c30b87,User Sign Up,Online,2024-04-22 15:04:57+00:00,4c8cae052f19cea66544affc759b76ee,,,,,False,False
7a03e01e0c17b2322845242a796adb5e,2c71c5d66c7e12a0b3c200ba6ed3b78e,12dd343d282fb7915f55982937c30b87,User Sign Up,Online,2024-04-22 15:04:57+00:00,4c8cae052f19cea66544affc759b76ee,,,,,False,False
7a03e01e0c17b2322845242a796adb5e,2c71c5d66c7e12a0b3c200ba6ed3b78e,12dd343d282fb7915f55982937c30b87,User Sign Up,Online,2024-04-22 15:04:57+00:00,4c8cae052f19cea66544affc759b76ee,,,,,False,False
7a03e01e0c17b2322845242a796adb5e,2c71c5d66c7e12a0b3c200ba6ed3b78e,12dd343d282fb7915f55982937c30b87,User Sign Up,Online,2024-04-22 15:04:57+00:00,4c8cae052f19cea66544affc759b76ee,,,,,False,False
7a03e01e0c17b2322845242a796adb5e,2c71c5d66c7e12a0b3c200ba6ed3b78e,12dd343d282fb7915f55982937c30b87,User Sign Up,Online,2024-04-22 15:04:57+00:00,4c8cae052f19cea66544affc759b76ee,,,,,False,False
7a03e01e0c17b2322845242a796adb5e,2c71c5d66c7e12a0b3c200ba6ed3b78e,12dd343d282fb7915f55982937c30b87,User Sign Up,Online,2024-04-22 15:04:57+00:00,4c8cae052f19cea66544affc759b76ee,,,,,False,False
7a03e01e0c17b2322845242a796adb5e,2c71c5d66c7e12a0b3c200ba6ed3b78e,12dd343d282fb7915f55982937c30b87,User Sign Up,Online,2024-04-22 15:04:57+00:00,4c8cae052f19cea66544affc759b76ee,,,,,False,False
7a03e01e0c17b2322845242a796adb5e,2c71c5d66c7e12a0b3c200ba6ed3b78e,12dd343d282fb7915f55982937c30b87,User Sign Up,Online,2024-04-22 15:04:57+00:00,4c8cae052f19cea66544affc759b76ee,,,,,False,False
7a03e01e0c17b2322845242a796adb5e,2c71c5d66c7e12a0b3c200ba6ed3b78e,12dd343d282fb7915f55982937c30b87,User Sign Up,Online,2024-04-22 15:04:57+00:00,4c8cae052f19cea66544affc759b76ee,,,,,False,False
7a03e01e0c17b2322845242a796adb5e,2c71c5d66c7e12a0b3c200ba6ed3b78e,12dd343d282fb7915f55982937c30b87,User Sign Up,Online,2024-04-22 15:04:57+00:00,4c8cae052f19cea66544affc759b76ee,,,,,False,False
7a03e01e0c17b2322845242a796adb5e,2c71c5d66c7e12a0b3c200ba6ed3b78e,12dd343d282fb7915f55982937c30b87,User Sign Up,Online,2024-04-22 15:04:57+00:00,4c8cae052f19cea66544affc759b76ee,,,,,False,False
7a03e01e0c17b2322845242a796adb5e,2c71c5d66c7e12a0b3c200ba6ed3b78e,12dd343d282fb7915f55982937c30b87,User Sign Up,Online,2024-04-22 15:04:57+00:00,4c8cae052f19cea66544affc759b76ee,,,,,False,False
7a03e01e0c17b2322845242a796adb5e,2c71c5d66c7e12a0b3c200ba6ed3b78e,12dd343d282fb7915f55982937c30b87,User Sign Up,Online,2024-04-22 15:04:57+00:00,4c8cae052f19cea66544affc759b76ee,,,,,False,False
7a03e01e0c17b2322845242a796adb5e,2c71c5d66c7e12a0b3c200ba6ed3b78e,12dd343d282fb7915f55982937c30b87,User Sign Up,Online,2024-04-22 15:04:57+00:00,4c8cae052f19cea66544affc759b76ee,,,,,False,False
7a03e01e0c17b2322845242a796adb5e,2c71c5d66c7e12a0b3c200ba6ed3b78e,12dd343d282fb7915f55982937c30b87,User Sign Up,Online,2024-04-22 15:04:57+00:00,4c8cae052f19cea66544affc759b76ee,,,,,False,False
7a03e01e0c17b2322845242a796adb5e,2c71c5d66c7e12a0b3c200ba6ed3b78e,12dd343d282fb7915f55982937c30b87,User Sign Up,Online,2024-04-22 15:04:57+00:00,4c8cae052f19cea66544affc759b76ee,,,,,False,False
7a03e01e0c17b2322845242a796adb5e,2c71c5d66c7e12a0b3c200ba6ed3b78e,12dd343d282fb7915f55982937c30b87,User Sign Up,Online,2024-04-22 15:04:57+00:00,4c8cae052f19cea66544affc759b76ee,,,,,False,False
7a03e01e0c17b2322845242a796adb5e,2c71c5d66c7e12a0b3c200ba6ed3b78e,12dd343d282fb7915f55982937c30b87,User Sign Up,Online,2024-04-22 15:04:57+00:00,4c8cae052f19cea66544affc759b76ee,,,,,False,False
7a03e01e0c17b2322845242a796adb5e,2c71c5d66c7e12a0b3c200ba6ed3b78e,12dd343d282fb7915f55982937c30b87,User Sign Up,Online,2024-04-22 15:04:57+00:00,4c8cae052f19cea66544affc759b76ee,,,,,False,False
7a03e01e0c17b2322845242a796adb5e,2c71c5d66c7e12a0b3c200ba6ed3b78e,12dd343d282fb7915f55982937c30b87,User Sign Up,Online,2024-04-22 15:04:57+00:00,4c8cae052f19cea66544affc759b76ee,,,,,False,False
7a03e01e0c17b2322845242a796adb5e,2c71c5d66c7e12a0b3c200ba6ed3b78e,12dd343d282fb7915f55982937c30b87,User Sign Up,Online,2024-04-22 15:04:57+00:00,4c8cae052f19cea66544affc759b76ee,,,,,False,False
7a03e01e0c17b2322845242a796adb5e,2c71c5d66c7e12a0b3c200ba6ed3b78e,12dd343d282fb7915f55982937c30b87,User Sign Up,Online,2024-04-22 15:04:57+00:00,4c8cae052f19cea66544affc759b76ee,,,,,False,False
7a03e01e0c17b2322845242a796adb5e,2c71c5d66c7e12a0b3c200ba6ed3b78e,12dd343d282fb7915f55982937c30b87,User Sign Up,Online,2024-04-22 15:04:57+00:00,4c8cae052f19cea66544affc759b76ee,,,,,False,False
7a03e01e0c17b2322845242a796adb5e,2c71c5d66c7e12a0b3c200ba6ed3b78e,12dd343d282fb7915f55982937c30b87,User Sign Up,Online,2024-04-22 15:04:57+00:00,4c8cae052f19cea66544affc759b76ee,,,,,False,False
7a03e01e0c17b2322845242a796adb5e,2c71c5d66c7e12a0b3c200ba6ed3b78e,12dd343d282fb7915f55982937c30b87,User Sign Up,Online,2024-04-22 15:04:57+00:00,4c8cae052f19cea66544affc759b76ee,,,,,False,False
7a03e01e0c17b2322845242a796adb5e,2c71c5d66c7e12a0b3c200ba6ed3b78e,12dd343d282fb7915f55982937c30b87,User Sign Up,Online,2024-04-22 15:04:57+00:00,4c8cae052f19cea66544affc759b76ee,,,,,False,False
7a03e01e0c17b2322845242a796adb5e,2c71c5d66c7e12a0b3c200ba6ed3b78e,12dd343d282fb7915f55982937c30b87,User Sign Up,Online,2024-04-22 15:04:57+00:00,4c8cae052f19cea66544affc759b76ee,,,,,False,False
7a03e01e0c17b2322845242a796adb5e,2c71c5d66c7e12a0b3c200ba6ed3b78e,12dd343d282fb7915f55982937c30b87,User Sign Up,Online,2024-04-22 15:04:57+00:00,4c8cae052f19cea66544affc759b76ee,,,,,False,False
7a03e01e0c17b2322845242a796adb5e,2c71c5d66c7e12a0b3c200ba6ed3b78e,12dd343d282fb7915f55982937c30b87,User Sign Up,Online,2024-04-22 15:04:57+00:00,4c8cae052f19cea66544affc759b76ee,,,,,False,False
7a03e01e0c17b2322845242a796adb5e,2c71c5d66c7e12a0b3c200ba6ed3b78e,12dd343d282fb7915f55982937c30b87,User Sign Up,Online,2024-04-22 15:04:57+00:00,4c8cae052f19cea66544affc759b76ee,,,,,False,False
7a03e01e0c17b2322845242a796adb5e,2c71c5d66c7e12a0b3c200ba6ed3b78e,12dd343d282fb7915f55982937c30b87,User Sign Up,Online,2024-04-22 15:04:57+00:00,4c8cae052f19cea66544affc759b76ee,,,,,False,False
7a03e01e0c17b2322845242a796adb5e,2c71c5d66c7e12a0b3c200ba6ed3b78e,12dd343d282fb7915f55982937c30b87,User Sign Up,Online,2024-04-22 15:04:57+00:00,4c8cae052f19cea66544affc759b76ee,,,,,False,False
7a03e01e0c17b2322845242a796adb5e,2c71c5d66c7e12a0b3c200ba6ed3b78e,12dd343d282fb7915f55982937c30b87,User Sign Up,Online,2024-04-22 15:04:57+00:00,4c8cae052f19cea66544affc759b76ee,,,,,False,False
7a03e01e0c17b2322845242a796adb5e,2c71c5d66c7e12a0b3c200ba6ed3b78e,12dd343d282fb7915f55982937c30b87,User Sign Up,Online,2024-04-22 15:04:57+00:00,4c8cae052f19cea66544affc759b76ee,,,,,False,False
7a03e01e0c17b2322845242a796adb5e,2c71c5d66c7e12a0b3c200ba6ed3b78e,12dd343d282fb7915f55982937c30b87,User Sign Up,Online,2024-04-22 15:04:57+00:00,4c8cae052f19cea66544affc759b76ee,,,,,False,False
7a03e01e0c17b2322845242a796adb5e,2c71c5d66c7e12a0b3c200ba6ed3b78e,12dd343d282fb7915f55982937c30b87,User Sign Up,Online,2024-04-22 15:04:57+00:00,4c8cae052f19cea66544affc759b76ee,,,,,False,False
7a03e01e0c17b2322845242a796adb5e,2c71c5d66c7e12a0b3c200ba6ed3b78e,12dd343d282fb7915f55982937c30b87,User Sign Up,Online,2024-04-22 15:04:57+00:00,4c8cae052f19cea66544affc759b76ee,,,,,False,False
7a03e01e0c17b2322845242a796adb5e,2c71c5d66c7e12a0b3c200ba6ed3b78e,12dd343d282fb7915f55982937c30b87,User Sign Up,Online,2024-04-22 15:04:57+00:00,4c8cae052f19cea66544affc759b76ee,,,,,False,False
7a03e01e0c17b2322845242a796adb5e,2c71c5d66c7e12a0b3c200ba6ed3b78e,12dd343d282fb7915f55982937c30b87,User Sign Up,Online,2024-04-22 15:04:57+00:00,4c8cae052f19cea66544affc759b76ee,,,,,False,False
7a03e01e0c17b2322845242a796adb5e,2c71c5d66c7e12a0b3c200ba6ed3b78e,12dd343d282fb7915f55982937c30b87,User Sign Up,Online,2024-04-22 15:04:57+00:00,4c8cae052f19cea66544affc759b76ee,,,,,False,False
7a03e01e0c17b2322845242a796adb5e,2c71c5d66c7e12a0b3c200ba6ed3b78e,12dd343d282fb7915f55982937c30b87,User Sign Up,Online,2024-04-22 15:04:57+00:00,4c8cae052f19cea66544affc759b76ee,,,,,False,False
7a03e01e0c17b2322845242a796adb5e,2c71c5d66c7e12a0b3c200ba6ed3b78e,12dd343d282fb7915f55982937c30b87,User Sign Up,Online,2024-04-22 15:04:57+00:00,4c8cae052f19cea66544affc759b76ee,,,,,False,False
7a03e01e0c17b2322845242a796adb5e,2c71c5d66c7e12a0b3c200ba6ed3b78e,12dd343d282fb7915f55982937c30b87,User Sign Up,Online,2024-04-22 15:04:57+00:00,4c8cae052f19cea66544affc759b76ee,,,,,False,False
7a03e01e0c17b2322845242a796adb5e,2c71c5d66c7e12a0b3c200ba6ed3b78e,12dd343d282fb7915f55982937c30b87,User Sign Up,Online,2024-04-22 15:04:57+00:00,4c8cae052f19cea66544affc759b76ee,,,,,False,False
7a03e01e0c17b2322845242a796adb5e,2c71c5d66c7e12a0b3c200ba6ed3b78e,12dd343d282fb7915f55982937c30b87,User Sign Up,Online,2024-04-22 15:04:57+00:00,4c8cae052f19cea66544affc759b76ee,,,,,False,False
7a03e01e0c17b2322845242a796adb5e,2c71c5d66c7e12a0b3c200ba6ed3b78e,12dd343d282fb7915f55982937c30b87,User Sign Up,Online,2024-04-22 15:04:57+00:00,4c8cae052f19cea66544affc759b76ee,,,,,False,False
7a03e01e0c17b2322845242a796adb5e,2c71c5d66c7e12a0b3c200ba6ed3b78e,12dd343d282fb7915f55982937c30b87,User Sign Up,Online,2024-04-22 15:04:57+00:00,4c8cae052f19cea66544affc759b76ee,,,,,False,False
7a03e01e0c17b2322845242a796adb5e,2c71c5d66c7e12a0b3c200ba6ed3b78e,12dd343d282fb7915f55982937c30b87,User Sign Up,Online,2024-04-22 15:04:57+00:00,4c8cae052f19cea66544affc759b76ee,,,,,False,False
7a03e01e0c17b2322845242a796adb5e,2c71c5d66c7e12a0b3c200ba6ed3b78e,12dd343d282fb7915f55982937c30b87,User Sign Up,Online,2024-04-22 15:04:57+00:00,4c8cae052f19cea66544affc759b76ee,,,,,False,False
7a03e01e0c17b2322845242a796adb5e,2c71c5d66c7e12a0b3c200ba6ed3b78e,12dd343d282fb7915f55982937c30b87,User Sign Up,Online,2024-04-22 15:04:57+00:00,4c8cae052f19cea66544affc759b76ee,,,,,False,False
7a03e01e0c17b2322845242a796adb5e,2c71c5d66c7e12a0b3c200ba6ed3b78e,12dd343d282fb7915f55982937c30b87,User Sign Up,Online,2024-04-22 15:04:57+00:00,4c8cae052f19cea66544affc759b76ee,,,,,False,False
7a03e01e0c17b2322845242a796adb5e,2c71c5d66c7e12a0b3c200ba6ed3b78e,12dd343d282fb7915f55982937c30b87,User Sign Up,Online,2024-04-22 15:04:57+00:00,4c8cae052f19cea66544affc759b76ee,,,,,False,False
7a03e01e0c17b2322845242a796adb5e,2c71c5d66c7e12a0b3c200ba6ed3b78e,12dd343d282fb7915f55982937c30b87,User Sign Up,Online,2024-04-22 15:04:57+00:00,4c8cae052f19cea66544affc759b76ee,,,,,False,False
7a03e01e0c17b2322845242a796adb5e,2c71c5d66c7e12a0b3c200ba6ed3b78e,12dd343d282fb7915f55982937c30b87,User Sign Up,Online,2024-04-22 15:04:57+00:00,4c8cae052f19cea66544affc759b76ee,,,,,False,False
7a03e01e0c17b2322845242a796adb5e,2c71c5d66c7e12a0b3c200ba6ed3b78e,12dd343d282fb7915f55982937c30b87,User Sign Up,Online,2024-04-22 15:04:57+00:00,4c8cae052f19cea66544affc759b76ee,,,,,False,False
7a03e01e0c17b2322845242a796adb5e,2c71c5d66c7e12a0b3c200ba6ed3b78e,12dd343d282fb7915f55982937c30b87,User Sign Up,Online,2024-04-22 15:04:57+00:00,4c8cae052f19cea66544affc759b76ee,,,,,False,False
7a03e01e0c17b2322845242a796adb5e,2c71c5d66c7e12a0b3c200ba6ed3b78e,12dd343d282fb7915f55982937c30b87,User Sign Up,Online,2024-04-22 15:04:57+00:00,4c8cae052f19cea66544affc759b76ee,,,,,False,False
7a03e01e0c17b2322845242a796adb5e,2c71c5d66c7e12a0b3c200ba6ed3b78e,12dd343d282fb7915f55982937c30b87,User Sign Up,Online,2024-04-22 15:04:57+00:00,4c8cae052f19cea66544affc759b76ee,,,,,False,False
7a03e01e0c17b2322845242a796adb5e,2c71c5d66c7e12a0b3c200ba6ed3b78e,12dd343d282fb7915f55982937c30b87,User Sign Up,Online,2024-04-22 15:04:57+00:00,4c8cae052f19cea66544affc759b76ee,,,,,False,False
7a03e01e0c17b2322845242a796adb5e,2c71c5d66c7e12a0b3c200ba6ed3b78e,12dd343d282fb7915f55982937c30b87,User Sign Up,Online,2024-04-22 15:04:57+00:00,4c8cae052f19cea66544affc759b76ee,,,,,False,False
7a03e01e0c17b2322845242a796adb5e,2c71c5d66c7e12a0b3c200ba6ed3b78e,12dd343d282fb7915f55982937c30b87,User Sign Up,Online,2024-04-22 15:04:57+00:00,4c8cae052f19cea66544affc759b76ee,,,,,False,False
7a03e01e0c17b2322845242a796adb5e,2c71c5d66c7e12a0b3c200ba6ed3b78e,12dd343d282fb7915f55982937c30b87,User Sign Up,Online,2024-04-22 15:04:57+00:00,4c8cae052f19cea66544affc759b76ee,,,,,False,False
7a03e01e0c17b2322845242a796adb5e,2c71c5d66c7e12a0b3c200ba6ed3b78e,12dd343d282fb7915f55982937c30b87,User Sign Up,Online,2024-04-22 15:04:57+00:00,4c8cae052f19cea66544affc759b76ee,,,,,False,False
7a03e01e0c17b2322845242a796adb5e,2c71c5d66c7e12a0b3c200ba6ed3b78e,12dd343d282fb7915f55982937c30b87,User Sign Up,Online,2024-04-22 15:04:57+00:00,4c8cae052f19cea66544affc759b76ee,,,,,False,False
7a03e01e0c17b2322845242a796adb5e,2c71c5d66c7e12a0b3c200ba6ed3b78e,12dd343d282fb7915f55982937c30b87,User Sign Up,Online,2024-04-22 15:04:57+00:00,4c8cae052f19cea66544affc759b76ee,,,,,False,False
7a03e01e0c17b2322845242a796adb5e,2c71c5d66c7e12a0b3c200ba6ed3b78e,12dd343d282fb7915f55982937c30b87,User Sign Up,Online,2024-04-22 15:04:57+00:00,4c8cae052f19cea66544affc759b76ee,,,,,False,False
7a03e01e0c17b2322845242a796adb5e,2c71c5d66c7e12a0b3c200ba6ed3b78e,12dd343d282fb7915f55982937c30b87,User Sign Up,Online,2024-04-22 15:04:57+00:00,4c8cae052f19cea66544affc759b76ee,,,,,False,False
7a03e01e0c17b2322845242a796adb5e,2c71c5d66c7e12a0b3c200ba6ed3b78e,12dd343d282fb7915f55982937c30b87,User Sign Up,Online,2024-04-22 15:04:57+00:00,4c8cae052f19cea66544affc759b76ee,,,,,False,False
7a03e01e0c17b2322845242a796adb5e,2c71c5d66c7e12a0b3c200ba6ed3b78e,12dd343d282fb7915f55982937c30b87,User Sign Up,Online,2024-04-22 15:04:57+00:00,4c8cae052f19cea66544affc759b76ee,,,,,False,False
7a03e01e0c17b2322845242a796adb5e,2c71c5d66c7e12a0b3c200ba6ed3b78e,12dd343d282fb7915f55982937c30b87,User Sign Up,Online,2024-04-22 15:04:57+00:00,4c8cae052f19cea66544affc759b76ee,,,,,False,False
7a03e01e0c17b2322845242a796adb5e,2c71c5d66c7e12a0b3c200ba6ed3b78e,12dd343d282fb7915f55982937c30b87,User Sign Up,Online,2024-04-22 15:04:57+00:00,4c8cae052f19cea66544affc759b76ee,,,,,False,False
7a03e01e0c17b2322845242a796adb5e,2c71c5d66c7e12a0b3c200ba6ed3b78e,12dd343d282fb7915f55982937c30b87,User Sign Up,Online,2024-04-22 15:04:57+00:00,4c8cae052f19cea66544affc759b76ee,,,,,False,False
7a03e01e0c17b2322845242a796adb5e,2c71c5d66c7e12a0b3c200ba6ed3b78e,12dd343d282fb7915f55982937c30b87,User Sign Up,Online,2024-04-22 15:04:57+00:00,4c8cae052f19cea66544affc759b76ee,,,,,False,False
7a03e01e0c17b2322845242a796adb5e,2c71c5d66c7e12a0b3c200ba6ed3b78e,12dd343d282fb7915f55982937c30b87,User Sign Up,Online,2024-04-22 15:04:57+00:00,4c8cae052f19cea66544affc759b76ee,,,,,False,False
7a03e01e0c17b2322845242a796adb5e,2c71c5d66c7e12a0b3c200ba6ed3b78e,12dd343d282fb7915f55982937c30b87,User Sign Up,Online,2024-04-22 15:04:57+00:00,4c8cae052f19cea66544affc759b76ee,,,,,False,False
7a03e01e0c17b2322845242a796adb5e,2c71c5d66c7e12a0b3c200ba6ed3b78e,12dd343d282fb7915f55982937c30b87,User Sign Up,Online,2024-04-22 15:04:57+00:00,4c8cae052f19cea66544affc759b76ee,,,,,False,False
7a03e01e0c17b2322845242a796adb5e,2c71c5d66c7e12a0b3c200ba6ed3b78e,12dd343d282fb7915f55982937c30b87,User Sign Up,Online,2024-04-22 15:04:57+00:00,4c8cae052f19cea66544affc759b76ee,,,,,False,False
7a03e01e0c17b2322845242a796adb5e,2c71c5d66c7e12a0b3c200ba6ed3b78e,12dd343d282fb7915f55982937c30b87,User Sign Up,Online,2024-04-22 15:04:57+00:00,4c8cae052f19cea66544affc759b76ee,,,,,False,False
7a03e01e0c17b2322845242a796adb5e,2c71c5d66c7e12a0b3c200ba6ed3b78e,12dd343d282fb7915f55982937c30b87,User Sign Up,Online,2024-04-22 15:04:57+00:00,4c8cae052f19cea66544affc759b76ee,,,,,False,False
7a03e01e0c17b2322845242a796adb5e,2c71c5d66c7e12a0b3c200ba6ed3b78e,12dd343d282fb7915f55982937c30b87,User Sign Up,Online,2024-04-22 15:04:57+00:00,4c8cae052f19cea66544affc759b76ee,,,,,False,False
7a03e01e0c17b2322845242a796adb5e,2c71c5d66c7e12a0b3c200ba6ed3b78e,12dd343d282fb7915f55982937c30b87,User Sign Up,Online,2024-04-22 15:04:57+00:00,4c8cae052f19cea66544affc759b76ee,,,,,False,False
7a03e01e0c17b2322845242a796adb5e,2c71c5d66c7e12a0b3c200ba6ed3b78e,12dd343d282fb7915f55982937c30b87,User Sign Up,Online,2024-04-22 15:04:57+00:00,4c8cae052f19cea66544affc759b76ee,,,,,False,False
7a03e01e0c17b2322845242a796adb5e,2c71c5d66c7e12a0b3c200ba6ed3b78e,12dd343d282fb7915f55982937c30b87,User Sign Up,Online,2024-04-22 15:04:57+00:00,4c8cae052f19cea66544affc759b76ee,,,,,False,False
7a03e01e0c17b2322845242a796adb5e,2c71c5d66c7e12a0b3c200ba6ed3b78e,12dd343d282fb7915f55982937c30b87,User Sign Up,Online,2024-04-22 15:04:57+00:00,4c8cae052f19cea66544affc759b76ee,,,,,False,False
7a03e01e0c17b2322845242a796adb5e,2c71c5d66c7e12a0b3c200ba6ed3b78e,12dd343d282fb7915f55982937c30b87,User Sign Up,Online,2024-04-22 15:04:57+00:00,4c8cae052f19cea66544affc759b76ee,,,,,False,False
7a03e01e0c17b2322845242a796adb5e,2c71c5d66c7e12a0b3c200ba6ed3b78e,12dd343d282fb7915f55982937c30b87,User Sign Up,Online,2024-04-22 15:04:57+00:00,4c8cae052f19cea66544affc759b76ee,,,,,False,False
7a03e01e0c17b2322845242a796adb5e,2c71c5d66c7e12a0b3c200ba6ed3b78e,12dd343d282fb7915f55982937c30b87,User Sign Up,Online,2024-04-22 15:04:57+00:00,4c8cae052f19cea66544affc759b76ee,,,,,False,False
7a03e01e0c17b2322845242a796adb5e,2c71c5d66c7e12a0b3c200ba6ed3b78e,12dd343d282fb7915f55982937c30b87,User Sign Up,Online,2024-04-22 15:04:57+00:00,4c8cae052f19cea66544affc759b76ee,,,,,False,False
7a03e01e0c17b2322845242a796adb5e,2c71c5d66c7e12a0b3c200ba6ed3b78e,12dd343d282fb7915f55982937c30b87,User Sign Up,Online,2024-04-22 15:04:57+00:00,4c8cae052f19cea66544affc759b76ee,,,,,False,False
7a03e01e0c17b2322845242a796adb5e,2c71c5d66c7e12a0b3c200ba6ed3b78e,12dd343d282fb7915f55982937c30b87,User Sign Up,Online,2024-04-22 15:04:57+00:00,4c8cae052f19cea66544affc759b76ee,,,,,False,False
7a03e01e0c17b2322845242a796adb5e,2c71c5d66c7e12a0b3c200ba6ed3b78e,12dd343d282fb7915f55982937c30b87,User Sign Up,Online,2024-04-22 15:04:57+00:00,4c8cae052f19cea66544affc759b76ee,,,,,False,False
7a03e01e0c17b2322845242a796adb5e,2c71c5d66c7e12a0b3c200ba6ed3b78e,12dd343d282fb7915f55982937c30b87,User Sign Up,Online,2024-04-22 15:04:57+00:00,4c8cae052f19cea66544affc759b76ee,,,,,False,False
7a03e01e0c17b2322845242a796adb5e,2c71c5d66c7e12a0b3c200ba6ed3b78e,12dd343d282fb7915f55982937c30b87,User Sign Up,Online,2024-04-22 15:04:57+00:00,4c8cae052f19cea66544affc759b76ee,,,,,False,False
7a03e01e0c17b2322845242a796adb5e,2c71c5d66c7e12a0b3c200ba6ed3b78e,12dd343d282fb7915f55982937c30b87,User Sign Up,Online,2024-04-22 15:04:57+00:00,4c8cae052f19cea66544affc759b76ee,,,,,False,False
7a03e01e0c17b2322845242a796adb5e,2c71c5d66c7e12a0b3c200ba6ed3b78e,12dd343d282fb7915f55982937c30b87,User Sign Up,Online,2024-04-22 15:04:57+00:00,4c8cae052f19cea66544affc759b76ee,,,,,False,False
7a03e01e0c17b2322845242a796adb5e,2c71c5d66c7e12a0b3c200ba6ed3b78e,12dd343d282fb7915f55982937c30b87,User Sign Up,Online,2024-04-22 15:04:57+00:00,4c8cae052f19cea66544affc759b76ee,,,,,False,False
7a03e01e0c17b2322845242a796adb5e,2c71c5d66c7e12a0b3c200ba6ed3b78e,12dd343d282fb7915f55982937c30b87,User Sign Up,Online,2024-04-22 15:04:57+00:00,4c8cae052f19cea66544affc759b76ee,,,,,False,False
7a03e01e0c17b2322845242a796adb5e,2c71c5d66c7e12a0b3c200ba6ed3b78e,12dd343d282fb7915f55982937c30b87,User Sign Up,Online,2024-04-22 15:04:57+00:00,4c8cae052f19cea66544affc759b76ee,,,,,False,False
7a03e01e0c17b2322845242a796adb5e,2c71c5d66c7e12a0b3c200ba6ed3b78e,12dd343d282fb7915f55982937c30b87,User Sign Up,Online,2024-04-22 15:04:57+00:00,4c8cae052f19cea66544affc759b76ee,,,,,False,False
7a03e01e0c17b2322845242a796adb5e,2c71c5d66c7e12a0b3c200ba6ed3b78e,12dd343d282fb7915f55982937c30b87,User Sign Up,Online,2024-04-22 15:04:57+00:00,4c8cae052f19cea66544affc759b76ee,,,,,False,False
7a03e01e0c17b2322845242a796adb5e,2c71c5d66c7e12a0b3c200ba6ed3b78e,12dd343d282fb7915f55982937c30b87,User Sign Up,Online,2024-04-22 15:04:57+00:00,4c8cae052f19cea66544affc759b76ee,,,,,False,False
7a03e01e0c17b2322845242a796adb5e,2c71c5d66c7e12a0b3c200ba6ed3b78e,12dd343d282fb7915f55982937c30b87,User Sign Up,Online,2024-04-22 15:04:57+00:00,4c8cae052f19cea66544affc759b76ee,,,,,False,False
7a03e01e0c17b2322845242a796adb5e,2c71c5d66c7e12a0b3c200ba6ed3b78e,12dd343d282fb7915f55982937c30b87,User Sign Up,Online,2024-04-22 15:04:57+00:00,4c8cae052f19cea66544affc759b76ee,,,,,False,False
7a03e01e0c17b2322845242a796adb5e,2c71c5d66c7e12a0b3c200ba6ed3b78e,12dd343d282fb7915f55982937c30b87,User Sign Up,Online,2024-04-22 15:04:57+00:00,4c8cae052f19cea66544affc759b76ee,,,,,False,False
7a03e01e0c17b2322845242a796adb5e,2c71c5d66c7e12a0b3c200ba6ed3b78e,12dd343d282fb7915f55982937c30b87,User Sign Up,Online,2024-04-22 15:04:57+00:00,4c8cae052f19cea66544affc759b76ee,,,,,False,False
7a03e01e0c17b2322845242a796adb5e,2c71c5d66c7e12a0b3c200ba6ed3b78e,12dd343d282fb7915f55982937c30b87,User Sign Up,Online,2024-04-22 15:04:57+00:00,4c8cae052f19cea66544affc759b76ee,,,,,False,False
7a03e01e0c17b2322845242a796adb5e,2c71c5d66c7e12a0b3c200ba6ed3b78e,12dd343d282fb7915f55982937c30b87,User Sign Up,Online,2024-04-22 15:04:57+00:00,4c8cae052f19cea66544affc759b76ee,,,,,False,False
7a03e01e0c17b2322845242a796adb5e,2c71c5d66c7e12a0b3c200ba6ed3b78e,12dd343d282fb7915f55982937c30b87,User Sign Up,Online,2024-04-22 15:04:57+00:00,4c8cae052f19cea66544affc759b76ee,,,,,False,False
7a03e01e0c17b2322845242a796adb5e,2c71c5d66c7e12a0b3c200ba6ed3b78e,12dd343d282fb7915f55982937c30b87,User Sign Up,Online,2024-04-22 15:04:57+00:00,4c8cae052f19cea66544affc759b76ee,,,,,False,False
7a03e01e0c17b2322845242a796adb5e,2c71c5d66c7e12a0b3c200ba6ed3b78e,12dd343d282fb7915f55982937c30b87,User Sign Up,Online,2024-04-22 15:04:57+00:00,4c8cae052f19cea66544affc759b76ee,,,,,False,False
7a03e01e0c17b2322845242a796adb5e,2c71c5d66c7e12a0b3c200ba6ed3b78e,12dd343d282fb7915f55982937c30b87,User Sign Up,Online,2024-04-22 15:04:57+00:00,4c8cae052f19cea66544affc759b76ee,,,,,False,False
7a03e01e0c17b2322845242a796adb5e,2c71c5d66c7e12a0b3c200ba6ed3b78e,12dd343d282fb7915f55982937c30b87,User Sign Up,Online,2024-04-22 15:04:57+00:00,4c8cae052f19cea66544affc759b76ee,,,,,False,False
7a03e01e0c17b2322845242a796adb5e,2c71c5d66c7e12a0b3c200ba6ed3b78e,12dd343d282fb7915f55982937c30b87,User Sign Up,Online,2024-04-22 15:04:57+00:00,4c8cae052f19cea66544affc759b76ee,,,,,False,False
7a03e01e0c17b2322845242a796adb5e,2c71c5d66c7e12a0b3c200ba6ed3b78e,12dd343d282fb7915f55982937c30b87,User Sign Up,Online,2024-04-22 15:04:57+00:00,4c8cae052f19cea66544affc759b76ee,,,,,False,False
7a03e01e0c17b2322845242a796adb5e,2c71c5d66c7e12a0b3c200ba6ed3b78e,12dd343d282fb7915f55982937c30b87,User Sign Up,Online,2024-04-22 15:04:57+00:00,4c8cae052f19cea66544affc759b76ee,,,,,False,False
7a03e01e0c17b2322845242a796adb5e,2c71c5d66c7e12a0b3c200ba6ed3b78e,12dd343d282fb7915f55982937c30b87,User Sign Up,Online,2024-04-22 15:04:57+00:00,4c8cae052f19cea66544affc759b76ee,,,,,False,False
7a03e01e0c17b2322845242a796adb5e,2c71c5d66c7e12a0b3c200ba6ed3b78e,12dd343d282fb7915f55982937c30b87,User Sign Up,Online,2024-04-22 15:04:57+00:00,4c8cae052f19cea66544affc759b76ee,,,,,False,False
7a03e01e0c17b2322845242a796adb5e,2c71c5d66c7e12a0b3c200ba6ed3b78e,12dd343d282fb7915f55982937c30b87,User Sign Up,Online,2024-04-22 15:04:57+00:00,4c8cae052f19cea66544affc759b76ee,,,,,False,False
7a03e01e0c17b2322845242a796adb5e,2c71c5d66c7e12a0b3c200ba6ed3b78e,12dd343d282fb7915f55982937c30b87,User Sign Up,Online,2024-04-22 15:04:57+00:00,4c8cae052f19cea66544affc759b76ee,,,,,False,False
7a03e01e0c17b2322845242a796adb5e,2c71c5d66c7e12a0b3c200ba6ed3b78e,12dd343d282fb7915f55982937c30b87,User Sign Up,Online,2024-04-22 15:04:57+00:00,4c8cae052f19cea66544affc759b76ee,,,,,False,False
7a03e01e0c17b2322845242a796adb5e,2c71c5d66c7e12a0b3c200ba6ed3b78e,12dd343d282fb7915f55982937c30b87,User Sign Up,Online,2024-04-22 15:04:57+00:00,4c8cae052f19cea66544affc759b76ee,,,,,False,False
7a03e01e0c17b2322845242a796adb5e,2c71c5d66c7e12a0b3c200ba6ed3b78e,12dd343d282fb7915f55982937c30b87,User Sign Up,Online,2024-04-22 15:04:57+00:00,4c8cae052f19cea66544affc759b76ee,,,,,False,False
7a03e01e0c17b2322845242a796adb5e,2c71c5d66c7e12a0b3c200ba6ed3b78e,12dd343d282fb7915f55982937c30b87,User Sign Up,Online,2024-04-22 15:04:57+00:00,4c8cae052f19cea66544affc759b76ee,,,,,False,False
7a03e01e0c17b2322845242a796adb5e,2c71c5d66c7e12a0b3c200ba6ed3b78e,12dd343d282fb7915f55982937c30b87,User Sign Up,Online,2024-04-22 15:04:57+00:00,4c8cae052f19cea66544affc759b76ee,,,,,False,False
7a03e01e0c17b2322845242a796adb5e,2c71c5d66c7e12a0b3c200ba6ed3b78e,12dd343d282fb7915f55982937c30b87,User Sign Up,Online,2024-04-22 15:04:57+00:00,4c8cae052f19cea66544affc759b76ee,,,,,False,False
7a03e01e0c17b2322845242a796adb5e,2c71c5d66c7e12a0b3c200ba6ed3b78e,12dd343d282fb7915f55982937c30b87,User Sign Up,Online,2024-04-22 15:04:57+00:00,4c8cae052f19cea66544affc759b76ee,,,,,False,False
7a03e01e0c17b2322845242a796adb5e,2c71c5d66c7e12a0b3c200ba6ed3b78e,12dd343d282fb7915f55982937c30b87,User Sign Up,Online,2024-04-22 15:04:57+00:00,4c8cae052f19cea66544affc759b76ee,,,,,False,False
7a03e01e0c17b2322845242a796adb5e,2c71c5d66c7e12a0b3c200ba6ed3b78e,12dd343d282fb7915f55982937c30b87,User Sign Up,Online,2024-04-22 15:04:57+00:00,4c8cae052f19cea66544affc759b76ee,,,,,False,False
7a03e01e0c17b2322845242a796adb5e,2c71c5d66c7e12a0b3c200ba6ed3b78e,12dd343d282fb7915f55982937c30b87,User Sign Up,Online,2024-04-22 15:04:57+00:00,4c8cae052f19cea66544affc759b76ee,,,,,False,False
7a03e01e0c17b2322845242a796adb5e,2c71c5d66c7e12a0b3c200ba6ed3b78e,12dd343d282fb7915f55982937c30b87,User Sign Up,Online,2024-04-22 15:04:57+00:00,4c8cae052f19cea66544affc759b76ee,,,,,False,False
7a03e01e0c17b2322845242a796adb5e,2c71c5d66c7e12a0b3c200ba6ed3b78e,12dd343d282fb7915f55982937c30b87,User Sign Up,Online,2024-04-22 15:04:57+00:00,4c8cae052f19cea66544affc759b76ee,,,,,False,False
7a03e01e0c17b2322845242a796adb5e,2c71c5d66c7e12a0b3c200ba6ed3b78e,12dd343d282fb7915f55982937c30b87,User Sign Up,Online,2024-04-22 15:04:57+00:00,4c8cae052f19cea66544affc759b76ee,,,,,False,False
7a03e01e0c17b2322845242a796adb5e,2c71c5d66c7e12a0b3c200ba6ed3b78e,12dd343d282fb7915f55982937c30b87,User Sign Up,Online,2024-04-22 15:04:57+00:00,4c8cae052f19cea66544affc759b76ee,,,,,False,False
7a03e01e0c17b2322845242a796adb5e,2c71c5d66c7e12a0b3c200ba6ed3b78e,12dd343d282fb7915f55982937c30b87,User Sign Up,Online,2024-04-22 15:04:57+00:00,4c8cae052f19cea66544affc759b76ee,,,,,False,False
7a03e01e0c17b2322845242a796adb5e,2c71c5d66c7e12a0b3c200ba6ed3b78e,12dd343d282fb7915f55982937c30b87,User Sign Up,Online,2024-04-22 15:04:57+00:00,4c8cae052f19cea66544affc759b76ee,,,,,False,False
7a03e01e0c17b2322845242a796adb5e,2c71c5d66c7e12a0b3c200ba6ed3b78e,12dd343d282fb7915f55982937c30b87,User Sign Up,Online,2024-04-22 15:04:57+00:00,4c8cae052f19cea66544affc759b76ee,,,,,False,False
7a03e01e0c17b2322845242a796adb5e,2c71c5d66c7e12a0b3c200ba6ed3b78e,12dd343d282fb7915f55982937c30b87,User Sign Up,Online,2024-04-22 15:04:57+00:00,4c8cae052f19cea66544affc759b76ee,,,,,False,False
7a03e01e0c17b2322845242a796adb5e,2c71c5d66c7e12a0b3c200ba6ed3b78e,12dd343d282fb7915f55982937c30b87,User Sign Up,Online,2024-04-22 15:04:57+00:00,4c8cae052f19cea66544affc759b76ee,,,,,False,False
7a03e01e0c17b2322845242a796adb5e,2c71c5d66c7e12a0b3c200ba6ed3b78e,12dd343d282fb7915f55982937c30b87,User Sign Up,Online,2024-04-22 15:04:57+00:00,4c8cae052f19cea66544affc759b76ee,,,,,False,False
7a03e01e0c17b2322845242a796adb5e,2c71c5d66c7e12a0b3c200ba6ed3b78e,12dd343d282fb7915f55982937c30b87,User Sign Up,Online,2024-04-22 15:04:57+00:00,4c8cae052f19cea66544affc759b76ee,,,,,False,False
7a03e01e0c17b2322845242a796adb5e,2c71c5d66c7e12a0b3c200ba6ed3b78e,12dd343d282fb7915f55982937c30b87,User Sign Up,Online,2024-04-22 15:04:57+00:00,4c8cae052f19cea66544affc759b76ee,,,,,False,False
7a03e01e0c17b2322845242a796adb5e,2c71c5d66c7e12a0b3c200ba6ed3b78e,12dd343d282fb7915f55982937c30b87,User Sign Up,Online,2024-04-22 15:04:57+00:00,4c8cae052f19cea66544affc759b76ee,,,,,False,False
7a03e01e0c17b2322845242a796adb5e,2c71c5d66c7e12a0b3c200ba6ed3b78e,12dd343d282fb7915f55982937c30b87,User Sign Up,Online,2024-04-22 15:04:57+00:00,4c8cae052f19cea66544affc759b76ee,,,,,False,False
7a03e01e0c17b2322845242a796adb5e,2c71c5d66c7e12a0b3c200ba6ed3b78e,12dd343d282fb7915f55982937c30b87,User Sign Up,Online,2024-04-22 15:04:57+00:00,4c8cae052f19cea66544affc759b76ee,,,,,False,False
7a03e01e0c17b2322845242a796adb5e,2c71c5d66c7e12a0b3c200ba6ed3b78e,12dd343d282fb7915f55982937c30b87,User Sign Up,Online,2024-04-22 15:04:57+00:00,4c8cae052f19cea66544affc759b76ee,,,,,False,False
7a03e01e0c17b2322845242a796adb5e,2c71c5d66c7e12a0b3c200ba6ed3b78e,12dd343d282fb7915f55982937c30b87,User Sign Up,Online,2024-04-22 15:04:57+00:00,4c8cae052f19cea66544affc759b76ee,,,,,False,False
7a03e01e0c17b2322845242a796adb5e,2c71c5d66c7e12a0b3c200ba6ed3b78e,12dd343d282fb7915f55982937c30b87,User Sign Up,Online,2024-04-22 15:04:57+00:00,4c8cae052f19cea66544affc759b76ee,,,,,False,False
7a03e01e0c17b2322845242a796adb5e,2c71c5d66c7e12a0b3c200ba6ed3b78e,12dd343d282fb7915f55982937c30b87,User Sign Up,Online,2024-04-22 15:04:57+00:00,4c8cae052f19cea66544affc759b76ee,,,,,False,False
7a03e01e0c17b2322845242a796adb5e,2c71c5d66c7e12a0b3c200ba6ed3b78e,12dd343d282fb7915f55982937c30b87,User Sign Up,Online,2024-04-22 15:04:57+00:00,4c8cae052f19cea66544affc759b76ee,,,,,False,False
7a03e01e0c17b2322845242a796adb5e,2c71c5d66c7e12a0b3c200ba6ed3b78e,12dd343d282fb7915f55982937c30b87,User Sign Up,Online,2024-04-22 15:04:57+00:00,4c8cae052f19cea66544affc759b76ee,,,,,False,False
7a03e01e0c17b2322845242a796adb5e,2c71c5d66c7e12a0b3c200ba6ed3b78e,12dd343d282fb7915f55982937c30b87,User Sign Up,Online,2024-04-22 15:04:57+00:00,4c8cae052f19cea66544affc759b76ee,,,,,False,False
7a03e01e0c17b2322845242a796adb5e,2c71c5d66c7e12a0b3c200ba6ed3b78e,12dd343d282fb7915f55982937c30b87,User Sign Up,Online,2024-04-22 15:04:57+00:00,4c8cae052f19cea66544affc759b76ee,,,,,False,False
7a03e01e0c17b2322845242a796adb5e,2c71c5d66c7e12a0b3c200ba6ed3b78e,12dd343d282fb7915f55982937c30b87,User Sign Up,Online,2024-04-22 15:04:57+00:00,4c8cae052f19cea66544affc759b76ee,,,,,False,False
7a03e01e0c17b2322845242a796adb5e,2c71c5d66c7e12a0b3c200ba6ed3b78e,12dd343d282fb7915f55982937c30b87,User Sign Up,Online,2024-04-22 15:04:57+00:00,4c8cae052f19cea66544affc759b76ee,,,,,False,False
7a03e01e0c17b2322845242a796adb5e,2c71c5d66c7e12a0b3c200ba6ed3b78e,12dd343d282fb7915f55982937c30b87,User Sign Up,Online,2024-04-22 15:04:57+00:00,4c8cae052f19cea66544affc759b76ee,,,,,False,False
7a03e01e0c17b2322845242a796adb5e,2c71c5d66c7e12a0b3c200ba6ed3b78e,12dd343d282fb7915f55982937c30b87,User Sign Up,Online,2024-04-22 15:04:57+00:00,4c8cae052f19cea66544affc759b76ee,,,,,False,False
7a03e01e0c17b2322845242a796adb5e,2c71c5d66c7e12a0b3c200ba6ed3b78e,12dd343d282fb7915f55982937c30b87,User Sign Up,Online,2024-04-22 15:04:57+00:00,4c8cae052f19cea66544affc759b76ee,,,,,False,False
7a03e01e0c17b2322845242a796adb5e,2c71c5d66c7e12a0b3c200ba6ed3b78e,12dd343d282fb7915f55982937c30b87,User Sign Up,Online,2024-04-22 15:04:57+00:00,4c8cae052f19cea66544affc759b76ee,,,,,False,False
7a03e01e0c17b2322845242a796adb5e,2c71c5d66c7e12a0b3c200ba6ed3b78e,12dd343d282fb7915f55982937c30b87,User Sign Up,Online,2024-04-22 15:04:57+00:00,4c8cae052f19cea66544affc759b76ee,,,,,False,False
7a03e01e0c17b2322845242a796adb5e,2c71c5d66c7e12a0b3c200ba6ed3b78e,12dd343d282fb7915f55982937c30b87,User Sign Up,Online,2024-04-22 15:04:57+00:00,4c8cae052f19cea66544affc759b76ee,,,,,False,False
7a03e01e0c17b2322845242a796adb5e,2c71c5d66c7e12a0b3c200ba6ed3b78e,12dd343d282fb7915f55982937c30b87,User Sign Up,Online,2024-04-22 15:04:57+00:00,4c8cae052f19cea66544affc759b76ee,,,,,False,False
7a03e01e0c17b2322845242a796adb5e,2c71c5d66c7e12a0b3c200ba6ed3b78e,12dd343d282fb7915f55982937c30b87,User Sign Up,Online,2024-04-22 15:04:57+00:00,4c8cae052f19cea66544affc759b76ee,,,,,False,False
7a03e01e0c17b2322845242a796adb5e,2c71c5d66c7e12a0b3c200ba6ed3b78e,12dd343d282fb7915f55982937c30b87,User Sign Up,Online,2024-04-22 15:04:57+00:00,4c8cae052f19cea66544affc759b76ee,,,,,False,False
7a03e01e0c17b2322845242a796adb5e,2c71c5d66c7e12a0b3c200ba6ed3b78e,12dd343d282fb7915f55982937c30b87,User Sign Up,Online,2024-04-22 15:04:57+00:00,4c8cae052f19cea66544affc759b76ee,,,,,False,False
7a03e01e0c17b2322845242a796adb5e,2c71c5d66c7e12a0b3c200ba6ed3b78e,12dd343d282fb7915f55982937c30b87,User Sign Up,Online,2024-04-22 15:04:57+00:00,4c8cae052f19cea66544affc759b76ee,,,,,False,False
7a03e01e0c17b2322845242a796adb5e,2c71c5d66c7e12a0b3c200ba6ed3b78e,12dd343d282fb7915f55982937c30b87,User Sign Up,Online,2024-04-22 15:04:57+00:00,4c8cae052f19cea66544affc759b76ee,,,,,False,False
7a03e01e0c17b2322845242a796adb5e,2c71c5d66c7e12a0b3c200ba6ed3b78e,12dd343d282fb7915f55982937c30b87,User Sign Up,Online,2024-04-22 15:04:57+00:00,4c8cae052f19cea66544affc759b76ee,,,,,False,False
7a03e01e0c17b2322845242a796adb5e,2c71c5d66c7e12a0b3c200ba6ed3b78e,12dd343d282fb7915f55982937c30b87,User Sign Up,Online,2024-04-22 15:04:57+00:00,4c8cae052f19cea66544affc759b76ee,,,,,False,False
7a03e01e0c17b2322845242a796adb5e,2c71c5d66c7e12a0b3c200ba6ed3b78e,12dd343d282fb7915f55982937c30b87,User Sign Up,Online,2024-04-22 15:04:57+00:00,4c8cae052f19cea66544affc759b76ee,,,,,False,False
7a03e01e0c17b2322845242a796adb5e,2c71c5d66c7e12a0b3c200ba6ed3b78e,12dd343d282fb7915f55982937c30b87,User Sign Up,Online,2024-04-22 15:04:57+00:00,4c8cae052f19cea66544affc759b76ee,,,,,False,False
7a03e01e0c17b2322845242a796adb5e,2c71c5d66c7e12a0b3c200ba6ed3b78e,12dd343d282fb7915f55982937c30b87,User Sign Up,Online,2024-04-22 15:04:57+00:00,4c8cae052f19cea66544affc759b76ee,,,,,False,False
7a03e01e0c17b2322845242a796adb5e,2c71c5d66c7e12a0b3c200ba6ed3b78e,12dd343d282fb7915f55982937c30b87,User Sign Up,Online,2024-04-22 15:04:57+00:00,4c8cae052f19cea66544affc759b76ee,,,,,False,False
7a03e01e0c17b2322845242a796adb5e,2c71c5d66c7e12a0b3c200ba6ed3b78e,12dd343d282fb7915f55982937c30b87,User Sign Up,Online,2024-04-22 15:04:57+00:00,4c8cae052f19cea66544affc759b76ee,,,,,False,False
7a03e01e0c17b2322845242a796adb5e,2c71c5d66c7e12a0b3c200ba6ed3b78e,12dd343d282fb7915f55982937c30b87,User Sign Up,Online,2024-04-22 15:04:57+00:00,4c8cae052f19cea66544affc759b76ee,,,,,False,False
7a03e01e0c17b2322845242a796adb5e,2c71c5d66c7e12a0b3c200ba6ed3b78e,12dd343d282fb7915f55982937c30b87,User Sign Up,Online,2024-04-22 15:04:57+00:00,4c8cae052f19cea66544affc759b76ee,,,,,False,False
7a03e01e0c17b2322845242a796adb5e,2c71c5d66c7e12a0b3c200ba6ed3b78e,12dd343d282fb7915f55982937c30b87,User Sign Up,Online,2024-04-22 15:04:57+00:00,4c8cae052f19cea66544affc759b76ee,,,,,False,False
7a03e01e0c17b2322845242a796adb5e,2c71c5d66c7e12a0b3c200ba6ed3b78e,12dd343d282fb7915f55982937c30b87,User Sign Up,Online,2024-04-22 15:04:57+00:00,4c8cae052f19cea66544affc759b76ee,,,,,False,False
7a03e01e0c17b2322845242a796adb5e,2c71c5d66c7e12a0b3c200ba6ed3b78e,12dd343d282fb7915f55982937c30b87,User Sign Up,Online,2024-04-22 15:04:57+00:00,4c8cae052f19cea66544affc759b76ee,,,,,False,False
7a03e01e0c17b2322845242a796adb5e,2c71c5d66c7e12a0b3c200ba6ed3b78e,12dd343d282fb7915f55982937c30b87,User Sign Up,Online,2024-04-22 15:04:57+00:00,4c8cae052f19cea66544affc759b76ee,,,,,False,False
7a03e01e0c17b2322845242a796adb5e,2c71c5d66c7e12a0b3c200ba6ed3b78e,12dd343d282fb7915f55982937c30b87,User Sign Up,Online,2024-04-22 15:04:57+00:00,4c8cae052f19cea66544affc759b76ee,,,,,False,False
7a03e01e0c17b2322845242a796adb5e,2c71c5d66c7e12a0b3c200ba6ed3b78e,12dd343d282fb7915f55982937c30b87,User Sign Up,Online,2024-04-22 15:04:57+00:00,4c8cae052f19cea66544affc759b76ee,,,,,False,False
636f4143f3bbe2a832d3f8e3c7b7d848,2c71c5d66c7e12a0b3c200ba6ed3b78e,eb9e25fa99d54d67c6b22ee8bc1df10c,User Sign Up,Online,2024-05-05 12:03:23+00:00,nan,,,,,,False
636f4143f3bbe2a832d3f8e3c7b7d848,2c71c5d66c7e12a0b3c200ba6ed3b78e,eb9e25fa99d54d67c6b22ee8bc1df10c,User Sign Up,Online,2024-05-05 12:03:23+00:00,nan,,,,,,False
636f4143f3bbe2a832d3f8e3c7b7d848,2c71c5d66c7e12a0b3c200ba6ed3b78e,eb9e25fa99d54d67c6b22ee8bc1df10c,User Sign Up,Online,2024-05-05 12:03:23+00:00,nan,,,,,,False
636f4143f3bbe2a832d3f8e3c7b7d848,2c71c5d66c7e12a0b3c200ba6ed3b78e,eb9e25fa99d54d67c6b22ee8bc1df10c,User Sign Up,Online,2024-05-05 12:03:23+00:00,nan,,,,,,False
636f4143f3bbe2a832d3f8e3c7b7d848,2c71c5d66c7e12a0b3c200ba6ed3b78e,eb9e25fa99d54d67c6b22ee8bc1df10c,User Sign Up,Online,2024-05-05 12:03:23+00:00,nan,,,,,,False
636f4143f3bbe2a832d3f8e3c7b7d848,2c71c5d66c7e12a0b3c200ba6ed3b78e,eb9e25fa99d54d67c6b22ee8bc1df10c,User Sign Up,Online,2024-05-05 12:03:23+00:00,nan,,,,,,False
636f4143f3bbe2a832d3f8e3c7b7d848,2c71c5d66c7e12a0b3c200ba6ed3b78e,eb9e25fa99d54d67c6b22ee8bc1df10c,User Sign Up,Online,2024-05-05 12:03:23+00:00,nan,,,,,,False
636f4143f3bbe2a832d3f8e3c7b7d848,2c71c5d66c7e12a0b3c200ba6ed3b78e,eb9e25fa99d54d67c6b22ee8bc1df10c,User Sign Up,Online,2024-05-05 12:03:23+00:00,nan,,,,,,False
636f4143f3bbe2a832d3f8e3c7b7d848,2c71c5d66c7e12a0b3c200ba6ed3b78e,eb9e25fa99d54d67c6b22ee8bc1df10c,User Sign Up,Online,2024-05-05 12:03:23+00:00,nan,,,,,,False
636f4143f3bbe2a832d3f8e3c7b7d848,2c71c5d66c7e12a0b3c200ba6ed3b78e,eb9e25fa99d54d67c6b22ee8bc1df10c,User Sign Up,Online,2024-05-05 12:03:23+00:00,nan,,,,,,False
636f4143f3bbe2a832d3f8e3c7b7d848,2c71c5d66c7e12a0b3c200ba6ed3b78e,eb9e25fa99d54d67c6b22ee8bc1df10c,User Sign Up,Online,2024-05-05 12:03:23+00:00,nan,,,,,,False
636f4143f3bbe2a832d3f8e3c7b7d848,2c71c5d66c7e12a0b3c200ba6ed3b78e,eb9e25fa99d54d67c6b22ee8bc1df10c,User Sign Up,Online,2024-05-05 12:03:23+00:00,nan,,,,,,False
636f4143f3bbe2a832d3f8e3c7b7d848,2c71c5d66c7e12a0b3c200ba6ed3b78e,eb9e25fa99d54d67c6b22ee8bc1df10c,User Sign Up,Online,2024-05-05 12:03:23+00:00,nan,,,,,,False
e6d2c72313e5d1a77ab02e20e3ba4ecb,2c71c5d66c7e12a0b3c200ba6ed3b78e,12dd343d282fb7915f55982937c30b87,Draft Transaction,Offline,2024-04-23 04:55:40+00:00,4c8cae052f19cea66544affc759b76ee,,,,,,False
e6d2c72313e5d1a77ab02e20e3ba4ecb,2c71c5d66c7e12a0b3c200ba6ed3b78e,12dd343d282fb7915f55982937c30b87,Draft Transaction,Offline,2024-04-23 04:55:40+00:00,4c8cae052f19cea66544affc759b76ee,,,,,,False
e6d2c72313e5d1a77ab02e20e3ba4ecb,2c71c5d66c7e12a0b3c200ba6ed3b78e,12dd343d282fb7915f55982937c30b87,Draft Transaction,Offline,2024-04-23 04:55:40+00:00,4c8cae052f19cea66544affc759b76ee,,,,,,False
e6d2c72313e5d1a77ab02e20e3ba4ecb,2c71c5d66c7e12a0b3c200ba6ed3b78e,12dd343d282fb7915f55982937c30b87,Draft Transaction,Offline,2024-04-23 04:55:40+00:00,4c8cae052f19cea66544affc759b76ee,,,,,,False
e6d2c72313e5d1a77ab02e20e3ba4ecb,2c71c5d66c7e12a0b3c200ba6ed3b78e,12dd343d282fb7915f55982937c30b87,Draft Transaction,Offline,2024-04-23 04:55:40+00:00,4c8cae052f19cea66544affc759b76ee,,,,,,False
e6d2c72313e5d1a77ab02e20e3ba4ecb,2c71c5d66c7e12a0b3c200ba6ed3b78e,12dd343d282fb7915f55982937c30b87,Draft Transaction,Offline,2024-04-23 04:55:40+00:00,4c8cae052f19cea66544affc759b76ee,,,,,,False
e6d2c72313e5d1a77ab02e20e3ba4ecb,2c71c5d66c7e12a0b3c200ba6ed3b78e,12dd343d282fb7915f55982937c30b87,Draft Transaction,Offline,2024-04-23 04:55:40+00:00,4c8cae052f19cea66544affc759b76ee,,,,,,False
e6d2c72313e5d1a77ab02e20e3ba4ecb,2c71c5d66c7e12a0b3c200ba6ed3b78e,12dd343d282fb7915f55982937c30b87,Draft Transaction,Offline,2024-04-23 04:55:40+00:00,4c8cae052f19cea66544affc759b76ee,,,,,,False
e6d2c72313e5d1a77ab02e20e3ba4ecb,2c71c5d66c7e12a0b3c200ba6ed3b78e,12dd343d282fb7915f55982937c30b87,Draft Transaction,Offline,2024-04-23 04:55:40+00:00,4c8cae052f19cea66544affc759b76ee,,,,,,False
e6d2c72313e5d1a77ab02e20e3ba4ecb,2c71c5d66c7e12a0b3c200ba6ed3b78e,12dd343d282fb7915f55982937c30b87,Draft Transaction,Offline,2024-04-23 04:55:40+00:00,4c8cae052f19cea66544affc759b76ee,,,,,,False
e6d2c72313e5d1a77ab02e20e3ba4ecb,2c71c5d66c7e12a0b3c200ba6ed3b78e,12dd343d282fb7915f55982937c30b87,Draft Transaction,Offline,2024-04-23 04:55:40+00:00,4c8cae052f19cea66544affc759b76ee,,,,,,False
e6d2c72313e5d1a77ab02e20e3ba4ecb,2c71c5d66c7e12a0b3c200ba6ed3b78e,12dd343d282fb7915f55982937c30b87,Draft Transaction,Offline,2024-04-23 04:55:40+00:00,4c8cae052f19cea66544affc759b76ee,,,,,,False
e6d2c72313e5d1a77ab02e20e3ba4ecb,2c71c5d66c7e12a0b3c200ba6ed3b78e,12dd343d282fb7915f55982937c30b87,Draft Transaction,Offline,2024-04-23 04:55:40+00:00,4c8cae052f19cea66544affc759b76ee,,,,,,False
9aa929850a37a7071f8ea0cd62fcfb07,4acfa96cb521b6963b50bcef95bee485,4c887ed9cd914a3400e5a2eebd8934f3,Draft Transaction,Offline,2024-05-22 08:40:10+00:00,b6ba055845543f4a4d86a6c6948089be,,,,,,False
9aa929850a37a7071f8ea0cd62fcfb07,4acfa96cb521b6963b50bcef95bee485,4c887ed9cd914a3400e5a2eebd8934f3,Draft Transaction,Offline,2024-05-22 08:40:10+00:00,b6ba055845543f4a4d86a6c6948089be,,,,,,False
9aa929850a37a7071f8ea0cd62fcfb07,4acfa96cb521b6963b50bcef95bee485,4c887ed9cd914a3400e5a2eebd8934f3,Draft Transaction,Offline,2024-05-22 08:40:10+00:00,b6ba055845543f4a4d86a6c6948089be,,,,,,False
9aa929850a37a7071f8ea0cd62fcfb07,4acfa96cb521b6963b50bcef95bee485,4c887ed9cd914a3400e5a2eebd8934f3,Draft Transaction,Offline,2024-05-22 08:40:10+00:00,b6ba055845543f4a4d86a6c6948089be,,,,,,False
9aa929850a37a7071f8ea0cd62fcfb07,4acfa96cb521b6963b50bcef95bee485,4c887ed9cd914a3400e5a2eebd8934f3,Draft Transaction,Offline,2024-05-22 08:40:10+00:00,b6ba055845543f4a4d86a6c6948089be,,,,,,False
9aa929850a37a7071f8ea0cd62fcfb07,4acfa96cb521b6963b50bcef95bee485,4c887ed9cd914a3400e5a2eebd8934f3,Draft Transaction,Offline,2024-05-22 08:40:10+00:00,b6ba055845543f4a4d86a6c6948089be,,,,,,False
9aa929850a37a7071f8ea0cd62fcfb07,4acfa96cb521b6963b50bcef95bee485,4c887ed9cd914a3400e5a2eebd8934f3,Draft Transaction,Offline,2024-05-22 08:40:10+00:00,b6ba055845543f4a4d86a6c6948089be,,,,,,False
4df44c256adf2c9cbb3655104f8dc395,2c71c5d66c7e12a0b3c200ba6ed3b78e,438a8b26ee11aa32b87d2d34b1cbcd09,Draft Transaction,Offline,2024-05-06 08:09:35+00:00,db79cbba0d2845aa61519f43bb7e51fb,,,,,,False
4df44c256adf2c9cbb3655104f8dc395,2c71c5d66c7e12a0b3c200ba6ed3b78e,438a8b26ee11aa32b87d2d34b1cbcd09,Draft Transaction,Offline,2024-05-06 08:09:35+00:00,db79cbba0d2845aa61519f43bb7e51fb,,,,,,False
4df44c256adf2c9cbb3655104f8dc395,2c71c5d66c7e12a0b3c200ba6ed3b78e,438a8b26ee11aa32b87d2d34b1cbcd09,Draft Transaction,Offline,2024-05-06 08:09:35+00:00,db79cbba0d2845aa61519f43bb7e51fb,,,,,,False
4df44c256adf2c9cbb3655104f8dc395,2c71c5d66c7e12a0b3c200ba6ed3b78e,438a8b26ee11aa32b87d2d34b1cbcd09,Draft Transaction,Offline,2024-05-06 08:09:35+00:00,db79cbba0d2845aa61519f43bb7e51fb,,,,,,False
4df44c256adf2c9cbb3655104f8dc395,2c71c5d66c7e12a0b3c200ba6ed3b78e,438a8b26ee11aa32b87d2d34b1cbcd09,Draft Transaction,Offline,2024-05-06 08:09:35+00:00,db79cbba0d2845aa61519f43bb7e51fb,,,,,,False
4df44c256adf2c9cbb3655104f8dc395,2c71c5d66c7e12a0b3c200ba6ed3b78e,438a8b26ee11aa32b87d2d34b1cbcd09,Draft Transaction,Offline,2024-05-06 08:09:35+00:00,db79cbba0d2845aa61519f43bb7e51fb,,,,,,False
4df44c256adf2c9cbb3655104f8dc395,2c71c5d66c7e12a0b3c200ba6ed3b78e,438a8b26ee11aa32b87d2d34b1cbcd09,Draft Transaction,Offline,2024-05-06 08:09:35+00:00,db79cbba0d2845aa61519f43bb7e51fb,,,,,,False
4df44c256adf2c9cbb3655104f8dc395,2c71c5d66c7e12a0b3c200ba6ed3b78e,438a8b26ee11aa32b87d2d34b1cbcd09,Draft Transaction,Offline,2024-05-06 08:09:35+00:00,db79cbba0d2845aa61519f43bb7e51fb,,,,,,False
4df44c256adf2c9cbb3655104f8dc395,2c71c5d66c7e12a0b3c200ba6ed3b78e,438a8b26ee11aa32b87d2d34b1cbcd09,Draft Transaction,Offline,2024-05-06 08:09:35+00:00,db79cbba0d2845aa61519f43bb7e51fb,,,,,,False
4df44c256adf2c9cbb3655104f8dc395,2c71c5d66c7e12a0b3c200ba6ed3b78e,438a8b26ee11aa32b87d2d34b1cbcd09,Draft Transaction,Offline,2024-05-06 08:09:35+00:00,db79cbba0d2845aa61519f43bb7e51fb,,,,,,False
4df44c256adf2c9cbb3655104f8dc395,2c71c5d66c7e12a0b3c200ba6ed3b78e,438a8b26ee11aa32b87d2d34b1cbcd09,Draft Transaction,Offline,2024-05-06 08:09:35+00:00,db79cbba0d2845aa61519f43bb7e51fb,,,,,,False
4df44c256adf2c9cbb3655104f8dc395,2c71c5d66c7e12a0b3c200ba6ed3b78e,438a8b26ee11aa32b87d2d34b1cbcd09,Draft Transaction,Offline,2024-05-06 08:09:35+00:00,db79cbba0d2845aa61519f43bb7e51fb,,,,,,False
4df44c256adf2c9cbb3655104f8dc395,2c71c5d66c7e12a0b3c200ba6ed3b78e,438a8b26ee11aa32b87d2d34b1cbcd09,Draft Transaction,Offline,2024-05-06 08:09:35+00:00,db79cbba0d2845aa61519f43bb7e51fb,,,,,,False
e3a55877243e31f6196748c21f7e2982,8575e4f470c06e133f95c4be9aa13934,a0a8f598a579d59b0e7968b26ddb73a5,Draft Transaction,Offline,2024-05-13 04:11:39+00:00,73f8158ade927532c4d27340867fb58f,,,,,,False
24e66dee053da38b3a19bfb9e91e8faf,nan,nan,Draft Transaction,Offline,2024-05-22 02:22:58+00:00,dbb15373cbcc1aae8aebca324022380d,,,,,,False
c848ba4844ae65f2420d373efc5908c9,nan,96594c1dc81ecf6df675e881f69887ee,Draft Transaction,Offline,2024-05-02 08:21:11+00:00,f0919740b10749ae99ead8790610b828,,,,,,False
e4b21d1dcdb37955b9e46b9357c7d0fe,2c71c5d66c7e12a0b3c200ba6ed3b78e,c6fb4aa67eba0ed851ac4182abe26127,User Sign Up,Online,2024-03-14 08:56:33+00:00,nan,,,,,,False
e4b21d1dcdb37955b9e46b9357c7d0fe,2c71c5d66c7e12a0b3c200ba6ed3b78e,c6fb4aa67eba0ed851ac4182abe26127,User Sign Up,Online,2024-03-14 08:56:33+00:00,nan,,,,,,False
e4b21d1dcdb37955b9e46b9357c7d0fe,2c71c5d66c7e12a0b3c200ba6ed3b78e,c6fb4aa67eba0ed851ac4182abe26127,User Sign Up,Online,2024-03-14 08:56:33+00:00,nan,,,,,,False
e4b21d1dcdb37955b9e46b9357c7d0fe,2c71c5d66c7e12a0b3c200ba6ed3b78e,c6fb4aa67eba0ed851ac4182abe26127,User Sign Up,Online,2024-03-14 08:56:33+00:00,nan,,,,,,False
e4b21d1dcdb37955b9e46b9357c7d0fe,2c71c5d66c7e12a0b3c200ba6ed3b78e,c6fb4aa67eba0ed851ac4182abe26127,User Sign Up,Online,2024-03-14 08:56:33+00:00,nan,,,,,,False
e4b21d1dcdb37955b9e46b9357c7d0fe,2c71c5d66c7e12a0b3c200ba6ed3b78e,c6fb4aa67eba0ed851ac4182abe26127,User Sign Up,Online,2024-03-14 08:56:33+00:00,nan,,,,,,False
e4b21d1dcdb37955b9e46b9357c7d0fe,2c71c5d66c7e12a0b3c200ba6ed3b78e,c6fb4aa67eba0ed851ac4182abe26127,User Sign Up,Online,2024-03-14 08:56:33+00:00,nan,,,,,,False
e4b21d1dcdb37955b9e46b9357c7d0fe,2c71c5d66c7e12a0b3c200ba6ed3b78e,c6fb4aa67eba0ed851ac4182abe26127,User Sign Up,Online,2024-03-14 08:56:33+00:00,nan,,,,,,False
e4b21d1dcdb37955b9e46b9357c7d0fe,2c71c5d66c7e12a0b3c200ba6ed3b78e,c6fb4aa67eba0ed851ac4182abe26127,User Sign Up,Online,2024-03-14 08:56:33+00:00,nan,,,,,,False
e4b21d1dcdb37955b9e46b9357c7d0fe,2c71c5d66c7e12a0b3c200ba6ed3b78e,c6fb4aa67eba0ed851ac4182abe26127,User Sign Up,Online,2024-03-14 08:56:33+00:00,nan,,,,,,False
e4b21d1dcdb37955b9e46b9357c7d0fe,2c71c5d66c7e12a0b3c200ba6ed3b78e,c6fb4aa67eba0ed851ac4182abe26127,User Sign Up,Online,2024-03-14 08:56:33+00:00,nan,,,,,,False
e4b21d1dcdb37955b9e46b9357c7d0fe,2c71c5d66c7e12a0b3c200ba6ed3b78e,c6fb4aa67eba0ed851ac4182abe26127,User Sign Up,Online,2024-03-14 08:56:33+00:00,nan,,,,,,False
e4b21d1dcdb37955b9e46b9357c7d0fe,2c71c5d66c7e12a0b3c200ba6ed3b78e,c6fb4aa67eba0ed851ac4182abe26127,User Sign Up,Online,2024-03-14 08:56:33+00:00,nan,,,,,,False
e74f3e7cae96a2c81a7970ec3a8ccb82,2c71c5d66c7e12a0b3c200ba6ed3b78e,e04c6b50af7c034b0b48b4afdde0e2c9,User Sign Up,Online,2024-05-10 07:08:12+00:00,nan,,,,,,False
e74f3e7cae96a2c81a7970ec3a8ccb82,2c71c5d66c7e12a0b3c200ba6ed3b78e,e04c6b50af7c034b0b48b4afdde0e2c9,User Sign Up,Online,2024-05-10 07:08:12+00:00,nan,,,,,,False
e74f3e7cae96a2c81a7970ec3a8ccb82,2c71c5d66c7e12a0b3c200ba6ed3b78e,e04c6b50af7c034b0b48b4afdde0e2c9,User Sign Up,Online,2024-05-10 07:08:12+00:00,nan,,,,,,False
e74f3e7cae96a2c81a7970ec3a8ccb82,2c71c5d66c7e12a0b3c200ba6ed3b78e,e04c6b50af7c034b0b48b4afdde0e2c9,User Sign Up,Online,2024-05-10 07:08:12+00:00,nan,,,,,,False
e74f3e7cae96a2c81a7970ec3a8ccb82,2c71c5d66c7e12a0b3c200ba6ed3b78e,e04c6b50af7c034b0b48b4afdde0e2c9,User Sign Up,Online,2024-05-10 07:08:12+00:00,nan,,,,,,False
e74f3e7cae96a2c81a7970ec3a8ccb82,2c71c5d66c7e12a0b3c200ba6ed3b78e,e04c6b50af7c034b0b48b4afdde0e2c9,User Sign Up,Online,2024-05-10 07:08:12+00:00,nan,,,,,,False
e74f3e7cae96a2c81a7970ec3a8ccb82,2c71c5d66c7e12a0b3c200ba6ed3b78e,e04c6b50af7c034b0b48b4afdde0e2c9,User Sign Up,Online,2024-05-10 07:08:12+00:00,nan,,,,,,False
e74f3e7cae96a2c81a7970ec3a8ccb82,2c71c5d66c7e12a0b3c200ba6ed3b78e,e04c6b50af7c034b0b48b4afdde0e2c9,User Sign Up,Online,2024-05-10 07:08:12+00:00,nan,,,,,,False
e74f3e7cae96a2c81a7970ec3a8ccb82,2c71c5d66c7e12a0b3c200ba6ed3b78e,e04c6b50af7c034b0b48b4afdde0e2c9,User Sign Up,Online,2024-05-10 07:08:12+00:00,nan,,,,,,False
e74f3e7cae96a2c81a7970ec3a8ccb82,2c71c5d66c7e12a0b3c200ba6ed3b78e,e04c6b50af7c034b0b48b4afdde0e2c9,User Sign Up,Online,2024-05-10 07:08:12+00:00,nan,,,,,,False
e74f3e7cae96a2c81a7970ec3a8ccb82,2c71c5d66c7e12a0b3c200ba6ed3b78e,e04c6b50af7c034b0b48b4afdde0e2c9,User Sign Up,Online,2024-05-10 07:08:12+00:00,nan,,,,,,False
e74f3e7cae96a2c81a7970ec3a8ccb82,2c71c5d66c7e12a0b3c200ba6ed3b78e,e04c6b50af7c034b0b48b4afdde0e2c9,User Sign Up,Online,2024-05-10 07:08:12+00:00,nan,,,,,,False
e74f3e7cae96a2c81a7970ec3a8ccb82,2c71c5d66c7e12a0b3c200ba6ed3b78e,e04c6b50af7c034b0b48b4afdde0e2c9,User Sign Up,Online,2024-05-10 07:08:12+00:00,nan,,,,,,False
962788593e04380982da789b978dcad6,cadba628952bde1670ac4c0792afc28a,4f0595d6c1e4da52bcd4af627e89f0f8,Draft Transaction,Offline,2024-05-13 03:30:51+00:00,3976319532e4346ed060a48ed94f77c7,,,,,,False
962788593e04380982da789b978dcad6,cadba628952bde1670ac4c0792afc28a,4f0595d6c1e4da52bcd4af627e89f0f8,Draft Transaction,Offline,2024-05-13 03:30:51+00:00,3976319532e4346ed060a48ed94f77c7,,,,,,False
274ef52f2f70dbb3afa5c94bcbff41cb,192befbbd8b97260e28db080a661578c,0c20fa7d62f00a047c3c0b0e9abfa4b5,Draft Transaction,Offline,2024-05-13 09:47:45+00:00,0fc3fb996325ee9e25e5c38a28393d65,,,,,,False
c98844d50327681160b17baa8756984a,nan,782764b5d010acca46dd3abf5d56e6cf,Draft Transaction,Offline,2024-05-02 04:19:27+00:00,62afd56341d234457415c97c9c866aa9,,NEW,,,,False
